Date,Open,High,Low,Close,Volume
2016-02-29,10.359999656677246,10.880000114440918,10.3100004196167,10.4399995803833,1071100
2016-03-01,10.600000381469727,10.850000381469727,10.239999771118164,10.720000267028809,905100
2016-03-02,10.819999694824219,12.0,10.800000190734863,11.970000267028809,2662900
2016-03-03,12.029999732971191,12.649999618530273,11.869999885559082,12.25,2686700
2016-03-04,12.25,12.470000267028809,11.90999984741211,12.010000228881836,1960100
2016-03-07,12.0,12.645000457763672,11.989999771118164,12.260000228881836,2091400
2016-03-08,12.15999984741211,12.220000267028809,11.229999542236328,11.479999542236328,1816700
2016-03-09,11.779999732971191,12.199999809265137,11.229999542236328,12.029999732971191,5849500
2016-03-10,12.380000114440918,12.430000305175781,10.899999618530273,11.300000190734863,9802000
2016-03-11,11.390000343322754,11.479999542236328,11.010000228881836,11.100000381469727,2337700
2016-03-14,11.140000343322754,11.829999923706055,11.010000228881836,11.609999656677246,3553600
2016-03-15,11.630000114440918,12.0,11.25,11.949999809265137,1764000
2016-03-16,11.949999809265137,12.0600004196167,11.72599983215332,11.869999885559082,977000
2016-03-17,11.829999923706055,12.050000190734863,11.75,11.949999809265137,1309500
2016-03-18,12.0,12.09000015258789,11.75,12.039999961853027,3161900
2016-03-21,12.050000190734863,13.479999542236328,12.050000190734863,13.399999618530273,5097700
2016-03-22,13.25,13.430000305175781,12.949999809265137,13.0600004196167,2755900
2016-03-23,13.1899995803833,13.800000190734863,12.0600004196167,12.59000015258789,5390000
2016-03-24,12.350000381469727,12.989999771118164,12.300999641418457,12.880000114440918,1765600
2016-03-28,13.109999656677246,13.729999542236328,12.770999908447266,13.399999618530273,3367500
2016-03-29,13.380000114440918,14.180000305175781,13.149999618530273,13.739999771118164,3605800
2016-03-30,14.029999732971191,15.133000373840332,13.800000190734863,15.020000457763672,5110400
2016-03-31,14.75,15.90999984741211,14.369999885559082,15.279999732971191,5629300
2016-04-01,15.229999542236328,15.760000228881836,14.031999588012695,14.220000267028809,4776700
2016-04-04,14.279999732971191,14.399999618530273,13.739999771118164,14.279999732971191,2242600
2016-04-05,14.0600004196167,14.630000114440918,13.850000381469727,14.260000228881836,1886400
2016-04-06,14.390000343322754,15.288999557495117,14.274999618530273,14.970000267028809,3038700
2016-04-07,15.0,15.289999961853027,14.510000228881836,14.8100004196167,1759400
2016-04-08,15.010000228881836,15.5,14.75,15.130000114440918,1869500
2016-04-11,15.149999618530273,15.869999885559082,15.130000114440918,15.359999656677246,3104200
2016-04-12,15.550000190734863,15.8100004196167,15.050000190734863,15.479999542236328,2358800
2016-04-13,15.520000457763672,15.680000305175781,14.784000396728516,15.010000228881836,2646500
2016-04-14,15.100000381469727,15.25,14.600000381469727,14.819999694824219,1754300
2016-04-15,14.850000381469727,14.869999885559082,14.180000305175781,14.329999923706055,2405100
2016-04-18,14.199999809265137,14.710000038146973,14.130000114440918,14.510000228881836,1384700
2016-04-19,14.59000015258789,14.739999771118164,13.630000114440918,14.09000015258789,2539200
2016-04-20,14.0,14.350000381469727,13.369999885559082,13.630000114440918,4211900
2016-04-21,13.680000305175781,13.829999923706055,13.0,13.239999771118164,2085800
2016-04-22,13.199999809265137,13.789999961853027,13.1899995803833,13.34000015258789,1587100
2016-04-25,13.550000190734863,14.229999542236328,13.40999984741211,13.59000015258789,1956900
2016-04-26,13.630000114440918,14.288000106811523,13.600000381469727,14.180000305175781,1702200
2016-04-27,14.0,14.850000381469727,14.0,14.6899995803833,1671500
2016-04-28,14.6899995803833,15.670000076293945,14.520000457763672,15.350000381469727,3022000
2016-04-29,15.420000076293945,15.5,14.520000457763672,14.890000343322754,1818900
2016-05-02,14.899999618530273,15.0,13.720000267028809,14.0,2546800
2016-05-03,13.869999885559082,13.869999885559082,13.21399974822998,13.449999809265137,2263500
2016-05-04,13.449999809265137,13.739999771118164,12.899999618530273,13.390000343322754,3135100
2016-05-05,13.5,13.579999923706055,12.859999656677246,13.050000190734863,4973900
2016-05-06,10.890000343322754,11.1899995803833,10.152999877929688,10.220000267028809,13716800
2016-05-09,10.170000076293945,10.420000076293945,9.569000244140625,9.850000381469727,4881800
2016-05-10,9.949999809265137,10.15999984741211,9.800000190734863,10.0,3068800
2016-05-11,10.199999809265137,10.199999809265137,9.640000343322754,9.680000305175781,2430200
2016-05-12,9.779999732971191,9.819999694824219,9.199999809265137,9.279999732971191,2703600
2016-05-13,9.300000190734863,9.6850004196167,9.279999732971191,9.359999656677246,1968900
2016-05-16,9.300000190734863,9.5600004196167,8.90999984741211,9.15999984741211,5488500
2016-05-17,8.979999542236328,9.562999725341797,8.630000114440918,9.180000305175781,13089300
2016-05-18,9.109999656677246,9.989999771118164,9.109999656677246,9.399999618530273,5261500
2016-05-19,9.359999656677246,9.649999618530273,9.244999885559082,9.600000381469727,3792600
2016-05-20,9.609999656677246,9.65999984741211,9.25,9.390000343322754,4165900
2016-05-23,9.600000381469727,9.680000305175781,9.399999618530273,9.460000038146973,4961300
2016-05-24,9.630000114440918,10.220000267028809,9.479999542236328,10.140000343322754,7870700
2016-05-25,10.130000114440918,10.149999618530273,9.8100004196167,10.0,4933900
2016-05-26,10.0,10.140000343322754,9.75,9.75,2578400
2016-05-27,9.880000114440918,9.930000305175781,9.5,9.630000114440918,2404700
2016-05-31,9.699999809265137,9.729999542236328,9.460000038146973,9.529999732971191,3815700
2016-06-01,9.5,9.649999618530273,9.350000381469727,9.600000381469727,2171700
2016-06-02,9.5,9.680000305175781,9.399999618530273,9.649999618530273,2332700
2016-06-03,9.569999694824219,9.579999923706055,9.329999923706055,9.460000038146973,3083000
2016-06-06,9.420000076293945,9.529999732971191,9.350000381469727,9.510000228881836,1865800
2016-06-07,9.489999771118164,9.59000015258789,9.40999984741211,9.569999694824219,2524700
2016-06-08,9.59000015258789,9.670000076293945,9.350000381469727,9.550000190734863,2951600
2016-06-09,9.479999542236328,9.59000015258789,9.300000190734863,9.34000015258789,2496500
2016-06-10,9.270000457763672,9.4399995803833,9.045000076293945,9.140000343322754,3925600
2016-06-13,9.119999885559082,9.260000228881836,8.869999885559082,8.920000076293945,3509100
2016-06-14,8.979999542236328,9.0600004196167,8.800000190734863,8.890000343322754,3510500
2016-06-15,8.890000343322754,9.140000343322754,8.680000305175781,9.0600004196167,3241700
2016-06-16,8.649999618530273,9.109999656677246,8.640000343322754,9.050000190734863,2876300
2016-06-17,8.9399995803833,9.322999954223633,8.90999984741211,9.039999961853027,4075200
2016-06-20,8.989999771118164,9.279999732971191,8.819999694824219,9.199999809265137,4263200
2016-06-21,9.199999809265137,9.380000114440918,9.119999885559082,9.350000381469727,2594600
2016-06-22,9.279999732971191,9.420000076293945,8.75,8.779999732971191,6098000
2016-06-23,9.050000190734863,9.15999984741211,8.850000381469727,9.130000114440918,3792900
2016-06-24,8.680000305175781,8.895000457763672,8.520000457763672,8.770000457763672,4909500
2016-06-27,8.720000267028809,8.720000267028809,8.420000076293945,8.619999885559082,3946700
2016-06-28,8.75,9.029999732971191,8.710000038146973,8.899999618530273,2374100
2016-06-29,9.0,9.319999694824219,8.90999984741211,9.300000190734863,3367200
2016-06-30,9.239999771118164,9.239999771118164,9.0,9.050000190734863,3589100
2016-07-01,9.199999809265137,9.420000076293945,9.09000015258789,9.270000457763672,4211300
2016-07-05,9.199999809265137,9.199999809265137,8.90999984741211,8.9399995803833,3407600
2016-07-06,8.850000381469727,9.050000190734863,8.779999732971191,9.0,1182500
2016-07-07,9.020000457763672,9.199999809265137,8.90999984741211,9.079999923706055,2740500
2016-07-08,9.399999618530273,9.399999618530273,9.170000076293945,9.300000190734863,3183800
2016-07-11,9.350000381469727,9.449999809265137,9.15999984741211,9.239999771118164,2607100
2016-07-12,9.25,9.399999618530273,9.220000267028809,9.399999618530273,1609900
2016-07-13,9.399999618530273,9.5,9.210000038146973,9.289999961853027,1831200
2016-07-14,9.3100004196167,9.5,9.300000190734863,9.369999885559082,1850200
2016-07-15,9.329999923706055,9.34000015258789,9.100000381469727,9.170000076293945,2338500
2016-07-18,9.119999885559082,9.34000015258789,9.100000381469727,9.270000457763672,1543700
2016-07-19,9.239999771118164,9.4399995803833,9.220000267028809,9.350000381469727,1484600
2016-07-20,9.34000015258789,9.649999618530273,9.3100004196167,9.579999923706055,2608200
2016-07-21,9.59000015258789,9.890999794006348,9.420000076293945,9.460000038146973,2687400
2016-07-22,9.5,9.789999961853027,9.5,9.729999542236328,1741700
2016-07-25,9.710000038146973,10.180000305175781,9.649999618530273,9.850000381469727,5623800
2016-07-26,9.770000457763672,10.180000305175781,9.75,10.100000381469727,2816600
2016-07-27,10.199999809265137,10.300000190734863,10.020000457763672,10.130000114440918,3082500
2016-07-28,10.100000381469727,10.279999732971191,10.069999694824219,10.119999885559082,2129300
2016-07-29,10.130000114440918,10.149999618530273,9.899999618530273,10.069999694824219,2717600
2016-08-01,10.020000457763672,10.319999694824219,10.020000457763672,10.1899995803833,2792900
2016-08-02,9.90999984741211,10.229999542236328,9.850000381469727,10.050000190734863,2980100
2016-08-03,10.050000190734863,10.470000267028809,10.010000228881836,10.4399995803833,8043800
2016-08-04,12.09000015258789,12.279999732971191,11.260000228881836,11.319999694824219,30313800
2016-08-05,11.319999694824219,11.470000267028809,10.850000381469727,11.149999618530273,12881000
2016-08-08,11.130000114440918,11.449999809265137,11.039999961853027,11.260000228881836,5226700
2016-08-09,11.270000457763672,11.425999641418457,11.1899995803833,11.300000190734863,4700500
2016-08-10,11.260000228881836,11.260000228881836,10.979999542236328,11.069999694824219,3376500
2016-08-11,11.079999923706055,11.449999809265137,11.079999923706055,11.369999885559082,6812500
2016-08-12,11.329999923706055,11.739999771118164,11.229999542236328,11.65999984741211,5723200
2016-08-15,11.619999885559082,11.65999984741211,11.25,11.479999542236328,5912100
2016-08-16,11.539999961853027,11.75,11.5,11.640000343322754,3508800
2016-08-17,11.539999961853027,11.609999656677246,11.329999923706055,11.399999618530273,4808400
2016-08-18,11.380000114440918,11.845000267028809,11.369999885559082,11.75,7220000
2016-08-19,11.930000305175781,12.0,11.779999732971191,11.800000190734863,5882400
2016-08-22,11.779999732971191,11.859999656677246,11.59000015258789,11.819999694824219,3198900
2016-08-23,12.350000381469727,12.539999961853027,12.149999618530273,12.390000343322754,19081900
2016-08-24,12.399999618530273,12.399999618530273,12.109999656677246,12.15999984741211,6771300
2016-08-25,12.180000305175781,12.40999984741211,12.114999771118164,12.3100004196167,6605600
2016-08-26,12.3100004196167,12.319999694824219,11.90999984741211,12.039999961853027,6469600
2016-08-29,11.84000015258789,12.319999694824219,11.789999961853027,12.010000228881836,4370100
2016-08-30,11.979999542236328,12.09000015258789,11.970000267028809,12.069999694824219,3751700
2016-08-31,12.039999961853027,12.220000267028809,12.020000457763672,12.1899995803833,5458500
2016-09-01,12.210000038146973,12.239999771118164,11.989999771118164,12.0,6005300
2016-09-02,12.050000190734863,12.069999694824219,11.899999618530273,12.050000190734863,3357100
2016-09-06,12.050000190734863,12.15999984741211,11.789999961853027,11.829999923706055,4338000
2016-09-07,11.829999923706055,11.970000267028809,11.829999923706055,11.930000305175781,2579900
2016-09-08,11.899999618530273,11.90999984741211,11.739999771118164,11.779999732971191,2031200
2016-09-09,11.670000076293945,11.675000190734863,11.15999984741211,11.270000457763672,5310800
2016-09-12,11.149999618530273,11.350000381469727,11.020999908447266,11.329999923706055,3019400
2016-09-13,11.300000190734863,11.399999618530273,11.11299991607666,11.229999542236328,3389400
2016-09-14,11.279999732971191,11.350000381469727,11.020000457763672,11.279999732971191,3423800
2016-09-15,11.25,11.380000114440918,11.140000343322754,11.380000114440918,2879100
2016-09-16,11.350000381469727,11.5600004196167,11.300000190734863,11.369999885559082,5550600
2016-09-19,11.460000038146973,11.609999656677246,11.354999542236328,11.550000190734863,2925500
2016-09-20,11.550000190734863,11.710000038146973,11.5,11.65999984741211,2801800
2016-09-21,11.65999984741211,11.899999618530273,11.579999923706055,11.899999618530273,2297600
2016-09-22,11.899999618530273,11.968999862670898,11.65999984741211,11.680000305175781,3113100
2016-09-23,11.739999771118164,11.9399995803833,11.550000190734863,11.829999923706055,2781600
2016-09-26,11.829999923706055,11.829999923706055,11.510000228881836,11.550000190734863,4612800
2016-09-27,11.520000457763672,11.819999694824219,11.510000228881836,11.779999732971191,2314300
2016-09-28,11.930000305175781,12.020000457763672,11.5600004196167,11.829999923706055,3749200
2016-09-29,11.800000190734863,11.8100004196167,11.59000015258789,11.640000343322754,2707200
2016-09-30,11.6899995803833,11.739999771118164,11.59000015258789,11.65999984741211,3562400
2016-10-03,11.609999656677246,11.819999694824219,11.520000457763672,11.670000076293945,2480400
2016-10-04,11.630000114440918,11.850000381469727,11.579999923706055,11.630000114440918,2132100
2016-10-05,11.649999618530273,11.755000114440918,11.550000190734863,11.6899995803833,1674600
2016-10-06,11.550000190734863,11.640000343322754,11.289999961853027,11.520000457763672,2370600
2016-10-07,11.399999618530273,11.489999771118164,11.279999732971191,11.479999542236328,1660100
2016-10-10,11.539999961853027,11.729999542236328,11.4399995803833,11.470000267028809,1580900
2016-10-11,11.420000076293945,11.5,11.140000343322754,11.180000305175781,2345100
2016-10-12,11.149999618530273,11.279999732971191,11.0649995803833,11.270000457763672,2510400
2016-10-13,11.15999984741211,11.329999923706055,11.0600004196167,11.1899995803833,2599800
2016-10-14,11.239999771118164,11.350000381469727,11.069999694824219,11.119999885559082,1897700
2016-10-17,11.020000457763672,11.140000343322754,10.880000114440918,10.930000305175781,2452700
2016-10-18,11.010000228881836,11.380000114440918,11.010000228881836,11.34000015258789,6320900
2016-10-19,11.279999732971191,11.34000015258789,11.15999984741211,11.300000190734863,2548300
2016-10-20,11.300000190734863,11.380000114440918,11.100000381469727,11.1899995803833,2024200
2016-10-21,11.140000343322754,11.34000015258789,11.039999961853027,11.319999694824219,2957300
2016-10-24,11.359999656677246,11.5,11.220000267028809,11.350000381469727,2172800
2016-10-25,11.3100004196167,11.319999694824219,11.010000228881836,11.069999694824219,2853200
2016-10-26,11.050000190734863,11.210000038146973,11.0,11.210000038146973,2453000
2016-10-27,11.25,11.25,11.079999923706055,11.149999618530273,1909400
2016-10-28,11.149999618530273,11.319999694824219,11.050000190734863,11.140000343322754,3150500
2016-10-31,11.140000343322754,11.25,11.0600004196167,11.199999809265137,2960600
2016-11-01,11.199999809265137,11.350000381469727,11.0,11.069999694824219,8190900
2016-11-02,11.449999809265137,11.890000343322754,11.289999961853027,11.779999732971191,19503200
2016-11-03,11.6899995803833,12.050000190734863,11.670000076293945,11.989999771118164,7371500
2016-11-04,11.960000038146973,12.300000190734863,11.9399995803833,12.180000305175781,13462800
2016-11-07,12.260000228881836,12.4399995803833,12.1899995803833,12.220000267028809,5571300
2016-11-08,12.15999984741211,12.395000457763672,12.119999885559082,12.34000015258789,4045900
2016-11-09,11.6899995803833,12.1899995803833,11.670000076293945,12.0,6211500
2016-11-10,12.050000190734863,12.109999656677246,11.581000328063965,11.649999618530273,5720600
2016-11-11,11.630000114440918,11.949999809265137,11.430000305175781,11.880000114440918,4766200
2016-11-14,12.119999885559082,12.619999885559082,12.119999885559082,12.350000381469727,19713000
2016-11-15,12.319999694824219,12.489999771118164,12.020000457763672,12.029999732971191,4553100
2016-11-16,12.0,12.050000190734863,11.760000228881836,12.039999961853027,4296200
2016-11-17,11.880000114440918,12.359999656677246,11.880000114440918,12.220000267028809,4801100
2016-11-18,12.260000228881836,12.470000267028809,12.145000457763672,12.15999984741211,2937000
2016-11-21,12.239999771118164,12.359999656677246,12.079999923706055,12.220000267028809,3760100
2016-11-22,12.25,12.510000228881836,12.25,12.460000038146973,4480000
2016-11-23,12.399999618530273,12.5,12.319999694824219,12.430000305175781,3051000
2016-11-25,12.510000228881836,12.770000457763672,12.489999771118164,12.75,2312700
2016-11-28,12.649999618530273,12.84000015258789,12.510000228881836,12.529999732971191,4204900
2016-11-29,12.529999732971191,12.6899995803833,12.380000114440918,12.460000038146973,5073700
2016-11-30,12.470000267028809,13.0,12.460000038146973,12.9399995803833,7805400
2016-12-01,12.739999771118164,12.880000114440918,12.460000038146973,12.710000038146973,9372900
2016-12-02,12.930000305175781,13.274999618530273,12.930000305175781,13.0600004196167,7325700
2016-12-05,13.180000305175781,13.395000457763672,13.079999923706055,13.199999809265137,4764400
2016-12-06,13.210000038146973,13.329999923706055,13.029999732971191,13.270000457763672,3093800
2016-12-07,13.489999771118164,14.15999984741211,13.399999618530273,14.119999885559082,11375100
2016-12-08,14.119999885559082,14.170000076293945,13.699999809265137,13.9399995803833,5539000
2016-12-09,13.979999542236328,13.989999771118164,13.729999542236328,13.890000343322754,3715200
2016-12-12,13.930000305175781,14.09000015258789,13.649999618530273,13.850000381469727,4708000
2016-12-13,13.739999771118164,14.109999656677246,13.729999542236328,14.069999694824219,5392900
2016-12-14,13.930000305175781,14.1899995803833,13.800000190734863,13.829999923706055,3072600
2016-12-15,13.779999732971191,14.369999885559082,13.75,14.130000114440918,4517100
2016-12-16,14.289999961853027,14.470000267028809,14.229999542236328,14.380000114440918,7372800
2016-12-19,14.350000381469727,14.600000381469727,14.300000190734863,14.359999656677246,4170500
2016-12-20,14.729999542236328,14.819999694824219,14.40999984741211,14.479999542236328,5822700
2016-12-21,14.449999809265137,14.539999961853027,14.270000457763672,14.380000114440918,4275300
2016-12-22,14.329999923706055,14.34000015258789,13.930000305175781,14.050000190734863,4086000
2016-12-23,13.9399995803833,14.239999771118164,13.880000114440918,14.069999694824219,1609400
2016-12-27,14.119999885559082,14.246000289916992,14.0,14.0,2705600
2016-12-28,14.079999923706055,14.119999885559082,13.850000381469727,13.949999809265137,2389000
2016-12-29,13.9399995803833,14.109999656677246,13.640000343322754,13.729999542236328,2978700
2016-12-30,13.710000038146973,13.770000457763672,13.529999732971191,13.630000114440918,2986600
2017-01-03,13.819999694824219,14.015000343322754,13.65999984741211,13.8100004196167,3363900
2017-01-04,13.859999656677246,14.260000228881836,13.725000381469727,14.25,4977400
2017-01-05,14.25,14.609999656677246,14.010000228881836,14.5600004196167,5779800
2017-01-06,14.5600004196167,15.074999809265137,14.529999732971191,15.0,6382200
2017-01-09,14.979999542236328,15.194999694824219,14.850000381469727,15.0600004196167,4960200
2017-01-10,15.09000015258789,15.489999771118164,14.699999809265137,14.90999984741211,6739900
2017-01-11,14.949999809265137,14.989999771118164,14.710000038146973,14.899999618530273,3952600
2017-01-12,14.84000015258789,14.880000114440918,14.545000076293945,14.739999771118164,2324800
2017-01-13,14.789999961853027,14.920000076293945,14.6899995803833,14.75,1921400
2017-01-17,14.6899995803833,14.770000457763672,14.539999961853027,14.6899995803833,3198900
2017-01-18,14.800000190734863,14.84000015258789,14.619999885559082,14.640000343322754,8076800
2017-01-19,14.640000343322754,14.890000343322754,14.600000381469727,14.729999542236328,2511800
2017-01-20,14.75,15.0,14.71500015258789,14.890000343322754,3153300
2017-01-23,14.899999618530273,14.960000038146973,14.569999694824219,14.609999656677246,3881100
2017-01-24,14.609999656677246,14.75,14.430000305175781,14.65999984741211,3651900
2017-01-25,14.6899995803833,14.989999771118164,14.520000457763672,14.600000381469727,3234600
2017-01-26,14.5,14.630000114440918,14.130000114440918,14.40999984741211,4310400
2017-01-27,14.470000267028809,14.550000190734863,14.265000343322754,14.529999732971191,2320000
2017-01-30,14.460000038146973,14.489999771118164,14.180000305175781,14.449999809265137,2422200
2017-01-31,14.399999618530273,14.770000457763672,14.364999771118164,14.619999885559082,3124100
2017-02-01,14.489999771118164,14.5649995803833,14.180000305175781,14.359999656677246,4679000
2017-02-02,14.25,14.5,14.1899995803833,14.359999656677246,2376200
2017-02-03,14.289999961853027,14.4399995803833,14.109999656677246,14.279999732971191,3632200
2017-02-06,14.289999961853027,14.5,14.029999732971191,14.399999618530273,3157400
2017-02-07,14.380000114440918,14.5,14.260000228881836,14.399999618530273,3085600
2017-02-08,14.4399995803833,14.555000305175781,14.350000381469727,14.470000267028809,2586200
2017-02-09,14.470000267028809,14.744999885559082,14.470000267028809,14.729999542236328,2548300
2017-02-10,14.739999771118164,14.739999771118164,14.529999732971191,14.609999656677246,2159800
2017-02-13,14.649999618530273,15.039999961853027,14.449999809265137,14.5,7216800
2017-02-14,14.470000267028809,14.520000457763672,14.029999732971191,14.329999923706055,5903400
2017-02-15,14.3100004196167,14.40999984741211,14.210000038146973,14.3100004196167,4068300
2017-02-16,14.300000190734863,14.350000381469727,13.84000015258789,13.890000343322754,5932100
2017-02-17,14.020000457763672,14.600000381469727,13.989999771118164,14.470000267028809,7726400
2017-02-21,14.630000114440918,14.65999984741211,14.34000015258789,14.630000114440918,6042300
2017-02-22,14.75,15.21500015258789,14.600000381469727,15.039999961853027,12329800
2017-02-23,16.670000076293945,17.75,16.31999969482422,17.149999618530273,43946600
2017-02-24,16.950000762939453,17.6299991607666,16.899999618530273,17.43000030517578,15892300
2017-02-27,17.420000076293945,18.170000076293945,17.309999465942383,17.93000030517578,12652700
2017-02-28,17.790000915527344,17.790000915527344,17.270000457763672,17.31999969482422,12769700
2017-03-01,17.530000686645508,17.639999389648438,17.059999465942383,17.219999313354492,13025600
2017-03-02,17.200000762939453,17.350000381469727,16.979999542236328,16.989999771118164,7293700
2017-03-03,16.829999923706055,17.200000762939453,16.56999969482422,16.889999389648438,13050500
2017-03-06,16.90999984741211,17.155000686645508,16.709999084472656,16.860000610351562,6005700
2017-03-07,16.899999618530273,16.899999618530273,16.5,16.760000228881836,5762700
2017-03-08,16.760000228881836,17.0,16.700000762939453,16.829999923706055,3872100
2017-03-09,16.850000381469727,17.204999923706055,16.700000762939453,17.06999969482422,5693700
2017-03-10,17.139999389648438,17.18000030517578,16.829999923706055,16.90999984741211,4865600
2017-03-13,16.90999984741211,17.091999053955078,16.829999923706055,16.93000030517578,3718000
2017-03-14,16.950000762939453,16.950000762939453,16.639999389648438,16.770000457763672,3950500
2017-03-15,16.799999237060547,17.0,16.739999771118164,16.950000762939453,4548700
2017-03-16,17.0,17.280000686645508,17.0,17.209999084472656,8838400
2017-03-17,17.18000030517578,17.34000015258789,17.059999465942383,17.280000686645508,5680700
2017-03-20,17.280000686645508,17.3700008392334,17.170000076293945,17.239999771118164,4596100
2017-03-21,17.25,17.280000686645508,16.399999618530273,16.510000228881836,6379900
2017-03-22,16.459999084472656,16.565000534057617,16.110000610351562,16.40999984741211,5054200
2017-03-23,16.399999618530273,17.030000686645508,16.399999618530273,16.610000610351562,6410200
2017-03-24,16.75,16.940000534057617,16.469999313354492,16.59000015258789,4008500
2017-03-27,16.3700008392334,17.270000457763672,16.219999313354492,17.25,6935500
2017-03-28,17.3799991607666,17.5,16.920000076293945,17.229999542236328,7385300
2017-03-29,17.219999313354492,17.59000015258789,17.190000534057617,17.219999313354492,5381500
2017-03-30,17.25,17.395000457763672,17.1200008392334,17.31999969482422,4580900
2017-03-31,17.31999969482422,17.420000076293945,17.219999313354492,17.280000686645508,2356300
2017-04-03,17.239999771118164,17.299999237060547,16.690000534057617,17.030000686645508,8709100
2017-04-04,16.969999313354492,17.18000030517578,16.93000030517578,17.040000915527344,5979200
2017-04-05,17.049999237060547,17.079999923706055,16.739999771118164,16.75,5388500
2017-04-06,16.84000015258789,17.010000228881836,16.690000534057617,17.0,4800100
2017-04-07,17.0,17.0,16.690000534057617,16.690000534057617,4319500
2017-04-10,16.780000686645508,17.100000381469727,16.777999877929688,16.989999771118164,3781500
2017-04-11,16.93000030517578,16.989999771118164,16.65999984741211,16.920000076293945,3199000
2017-04-12,16.8799991607666,17.510000228881836,16.780000686645508,17.299999237060547,11161400
2017-04-13,17.270000457763672,17.3700008392334,16.75,16.920000076293945,5286000
2017-04-17,16.920000076293945,17.100000381469727,16.81999969482422,17.079999923706055,2196000
2017-04-18,17.010000228881836,17.040000915527344,16.8700008392334,16.979999542236328,3282000
2017-04-19,17.0,17.427000045776367,16.979999542236328,17.200000762939453,3799300
2017-04-20,17.309999465942383,17.75,17.299999237060547,17.709999084472656,4897100
2017-04-21,17.829999923706055,17.829999923706055,17.31999969482422,17.489999771118164,5176700
2017-04-24,17.75,17.934999465942383,17.584999084472656,17.850000381469727,5380800
2017-04-25,17.969999313354492,18.299999237060547,17.815000534057617,18.219999313354492,7965500
2017-04-26,18.25,18.25,17.920000076293945,18.079999923706055,4504900
2017-04-27,18.18000030517578,18.454999923706055,18.150999069213867,18.229999542236328,5680400
2017-04-28,18.31999969482422,18.399999618530273,17.94499969482422,18.239999771118164,4644500
2017-05-01,18.329999923706055,18.795000076293945,18.149999618530273,18.610000610351562,5865200
2017-05-02,18.969999313354492,19.030000686645508,18.469999313354492,18.809999465942383,9125400
2017-05-03,18.899999618530273,18.899999618530273,18.079999923706055,18.280000686645508,14720700
2017-05-04,19.229999542236328,20.420000076293945,19.18000030517578,19.899999618530273,26533600
2017-05-05,19.75,19.899999618530273,19.350000381469727,19.780000686645508,9608300
2017-05-08,19.729999542236328,19.84000015258789,19.469999313354492,19.559999465942383,6361600
2017-05-09,19.639999389648438,20.049999237060547,19.520000457763672,19.799999237060547,8102400
2017-05-10,19.729999542236328,19.969999313354492,19.649999618530273,19.950000762939453,5784500
2017-05-11,19.950000762939453,19.989999771118164,19.549999237060547,19.709999084472656,4439200
2017-05-12,19.75,20.5,19.75,20.079999923706055,7809200
2017-05-15,20.190000534057617,20.385000228881836,20.1200008392334,20.25,4503200
2017-05-16,20.25,20.690000534057617,20.125,20.34000015258789,8379000
2017-05-17,19.8700008392334,20.15999984741211,19.530000686645508,19.559999465942383,12443100
2017-05-18,19.530000686645508,19.940000534057617,19.450000762939453,19.68000030517578,5818700
2017-05-19,19.8799991607666,20.0,19.725000381469727,19.90999984741211,5086700
2017-05-22,19.979999542236328,21.0,19.979999542236328,20.950000762939453,9836000
2017-05-23,20.979999542236328,21.75,20.899999618530273,21.639999389648438,12888000
2017-05-24,21.639999389648438,21.979999542236328,21.420000076293945,21.920000076293945,6623500
2017-05-25,21.969999313354492,22.729999542236328,21.93000030517578,22.329999923706055,9841500
2017-05-26,22.34000015258789,22.610000610351562,22.219999313354492,22.329999923706055,6402200
2017-05-30,22.3700008392334,22.860000610351562,22.280000686645508,22.739999771118164,7032600
2017-05-31,23.06999969482422,23.56999969482422,22.809999465942383,22.989999771118164,10844300
2017-06-01,23.049999237060547,23.235000610351562,22.740999221801758,23.229999542236328,5882200
2017-06-02,23.19700050354004,23.229999542236328,22.549999237060547,23.200000762939453,8156500
2017-06-05,23.110000610351562,23.729999542236328,22.850000381469727,23.389999389648438,7817400
2017-06-06,23.5,24.440000534057617,23.489999771118164,24.209999084472656,14665100
2017-06-07,24.450000762939453,24.5,23.700000762939453,24.290000915527344,9844900
2017-06-08,24.309999465942383,24.829999923706055,24.06999969482422,24.780000686645508,6943200
2017-06-09,24.719999313354492,24.969999313354492,22.413000106811523,23.030000686645508,16322100
2017-06-12,22.700000762939453,23.600000381469727,22.40999984741211,23.600000381469727,16378800
2017-06-13,24.110000610351562,24.200000762939453,23.34000015258789,23.479999542236328,6790600
2017-06-14,23.59000015258789,23.670000076293945,23.030000686645508,23.469999313354492,6888300
2017-06-15,23.1200008392334,24.170000076293945,22.450000762939453,23.989999771118164,8937200
2017-06-16,23.579999923706055,23.989999771118164,23.309999465942383,23.559999465942383,9809500
2017-06-19,23.6200008392334,24.225000381469727,23.559999465942383,24.200000762939453,8147600
2017-06-20,24.25,24.459999084472656,23.579999923706055,23.850000381469727,7159900
2017-06-21,24.040000915527344,24.34000015258789,23.959999084472656,24.15999984741211,4203100
2017-06-22,24.229999542236328,24.350000381469727,23.93000030517578,24.280000686645508,5175100
2017-06-23,24.329999923706055,24.420000076293945,23.8799991607666,24.170000076293945,15013700
2017-06-26,24.329999923706055,24.5,23.84000015258789,23.93000030517578,5205400
2017-06-27,23.93000030517578,24.239999771118164,23.209999084472656,23.31999969482422,5745800
2017-06-28,23.639999389648438,24.34000015258789,23.399999618530273,24.299999237060547,6957700
2017-06-29,24.270000457763672,24.299999237060547,23.229999542236328,23.399999618530273,7136300
2017-06-30,23.450000762939453,23.670000076293945,23.30299949645996,23.459999084472656,4259000
2017-07-03,23.549999237060547,23.600000381469727,22.65999984741211,22.829999923706055,3584100
2017-07-05,23.299999237060547,24.15999984741211,23.049999237060547,23.760000228881836,9203000
2017-07-06,23.719999313354492,23.899999618530273,23.190000534057617,23.219999313354492,5135100
2017-07-07,23.43000030517578,23.81999969482422,23.391000747680664,23.59000015258789,3423900
2017-07-10,23.579999923706055,24.1299991607666,23.440000534057617,23.940000534057617,4661100
2017-07-11,24.0,25.559999465942383,23.809999465942383,25.440000534057617,17666000
2017-07-12,25.610000610351562,26.434999465942383,25.15999984741211,26.209999084472656,15317900
2017-07-13,26.18000030517578,26.5,25.65999984741211,25.979999542236328,8413000
2017-07-14,26.030000686645508,26.649999618530273,25.969999313354492,26.329999923706055,6816700
2017-07-17,26.489999771118164,26.6200008392334,26.059999465942383,26.190000534057617,4231300
2017-07-18,26.299999237060547,26.790000915527344,26.170000076293945,26.59000015258789,7662500
2017-07-19,26.75,26.77199935913086,26.200000762939453,26.360000610351562,4567500
2017-07-20,26.440000534057617,26.549999237060547,26.219999313354492,26.389999389648438,4154800
2017-07-21,26.540000915527344,27.110000610351562,26.3700008392334,26.850000381469727,5700500
2017-07-24,26.850000381469727,26.9950008392334,26.219999313354492,26.75,9104200
2017-07-25,26.850000381469727,26.920000076293945,26.350000381469727,26.889999389648438,4223400
2017-07-26,26.93000030517578,27.68000030517578,26.850000381469727,27.309999465942383,7892800
2017-07-27,27.940000534057617,27.969999313354492,25.200000762939453,25.920000076293945,14476100
2017-07-28,26.100000381469727,26.579999923706055,25.600000381469727,26.200000762939453,7787900
2017-07-31,26.469999313354492,26.84000015258789,26.030000686645508,26.350000381469727,6473200
2017-08-01,26.579999923706055,26.899999618530273,26.389999389648438,26.809999465942383,6999200
2017-08-02,27.25,27.299999237060547,25.600000381469727,26.459999084472656,16149700
2017-08-03,25.399999618530273,25.84000015258789,24.700000762939453,25.219999313354492,15868200
2017-08-04,25.270000457763672,25.770000457763672,25.0,25.209999084472656,8209700
2017-08-07,25.34000015258789,25.850000381469727,25.299999237060547,25.68000030517578,5918500
2017-08-08,25.899999618530273,26.270000457763672,25.469999313354492,26.020000457763672,7229800
2017-08-09,25.799999237060547,25.860000610351562,25.3700008392334,25.59000015258789,5717300
2017-08-10,25.489999771118164,25.5,24.579999923706055,24.649999618530273,8546200
2017-08-11,24.40999984741211,25.09000015258789,24.360000610351562,24.81999969482422,5266500
2017-08-14,25.25,25.469999313354492,25.030000686645508,25.200000762939453,4258200
2017-08-15,25.360000610351562,25.3799991607666,24.799999237060547,24.829999923706055,5047500
2017-08-16,25.079999923706055,25.18000030517578,24.864999771118164,24.989999771118164,4170600
2017-08-17,25.0,25.469999313354492,24.510000228881836,24.540000915527344,5352700
2017-08-18,24.780000686645508,25.079999923706055,24.635000228881836,24.829999923706055,5325700
2017-08-21,24.920000076293945,25.0,24.219999313354492,24.459999084472656,5867200
2017-08-22,24.719999313354492,25.34000015258789,24.700000762939453,25.34000015258789,7065400
2017-08-23,25.299999237060547,25.8799991607666,25.200000762939453,25.479999542236328,6008600
2017-08-24,25.700000762939453,25.850000381469727,25.350000381469727,25.65999984741211,4734100
2017-08-25,25.850000381469727,25.8799991607666,24.920000076293945,24.989999771118164,5619900
2017-08-28,25.110000610351562,25.149999618530273,24.799999237060547,24.90999984741211,3555800
2017-08-29,24.760000228881836,25.100000381469727,24.639999389648438,25.040000915527344,3640600
2017-08-30,25.43000030517578,25.90999984741211,25.18000030517578,25.760000228881836,4453300
2017-08-31,25.899999618530273,26.489999771118164,25.8700008392334,26.110000610351562,5352800
2017-09-01,26.100000381469727,26.25,25.65999984741211,25.93000030517578,3257300
2017-09-05,25.75,25.81999969482422,25.239999771118164,25.770000457763672,4970500
2017-09-06,25.899999618530273,26.170000076293945,25.719999313354492,26.049999237060547,6502500
2017-09-07,26.1200008392334,26.690000534057617,25.860000610351562,26.299999237060547,7855700
2017-09-08,26.469999313354492,26.989999771118164,26.399999618530273,26.530000686645508,5933400
2017-09-11,26.799999237060547,27.65999984741211,26.780000686645508,27.56999969482422,8612700
2017-09-12,27.600000381469727,27.639999389648438,26.799999237060547,27.270000457763672,6133900
2017-09-13,27.399999618530273,27.5,26.67099952697754,27.489999771118164,6271700
2017-09-14,27.469999313354492,28.799999237060547,27.280000686645508,28.639999389648438,16225400
2017-09-15,28.229999542236328,28.729999542236328,28.010000228881836,28.5,19504800
2017-09-18,28.59000015258789,29.0,28.5,28.690000534057617,9366400
2017-09-19,28.700000762939453,28.850000381469727,28.350000381469727,28.559999465942383,5885300
2017-09-20,28.530000686645508,28.670000076293945,28.219999313354492,28.469999313354492,4327000
2017-09-21,28.3799991607666,28.5,28.06999969482422,28.399999618530273,3976400
2017-09-22,28.399999618530273,28.940000534057617,28.309999465942383,28.75,4841500
2017-09-25,28.75,28.760000228881836,27.209999084472656,27.450000762939453,9481900
2017-09-26,27.8799991607666,28.479999542236328,27.3799991607666,27.610000610351562,5850900
2017-09-27,28.459999084472656,28.549999237060547,27.815000534057617,28.06999969482422,4849300
2017-09-28,28.450000762939453,28.56999969482422,27.959999084472656,28.489999771118164,5875700
2017-09-29,28.510000228881836,28.875,28.270000457763672,28.809999465942383,5705500
2017-10-02,28.799999237060547,29.549999237060547,28.780000686645508,29.389999389648438,6336000
2017-10-03,29.450000762939453,30.024999618530273,29.3700008392334,29.940000534057617,8843300
2017-10-04,30.030000686645508,30.39900016784668,29.559999465942383,30.149999618530273,7434100
2017-10-05,30.18000030517578,30.899999618530273,30.0,30.760000228881836,7507300
2017-10-06,30.549999237060547,30.8799991607666,30.5,30.760000228881836,4008100
2017-10-09,30.770000457763672,31.520000457763672,30.760000228881836,31.06999969482422,5893200
2017-10-10,31.440000534057617,31.440000534057617,30.649999618530273,31.31999969482422,5774700
2017-10-11,31.34000015258789,32.0,31.209999084472656,32.0,6896500
2017-10-12,32.349998474121094,33.1609992980957,32.209999084472656,32.810001373291016,10528100
2017-10-13,33.220001220703125,33.220001220703125,32.40999984741211,32.810001373291016,7135600
2017-10-16,32.95000076293945,33.29499816894531,32.58000183105469,33.220001220703125,6299800
2017-10-17,33.25,33.30500030517578,32.130001068115234,32.689998626708984,10864400
2017-10-18,33.02000045776367,33.060001373291016,32.340999603271484,32.52000045776367,5437500
2017-10-19,32.09000015258789,32.2599983215332,31.44099998474121,32.119998931884766,6978100
2017-10-20,32.61000061035156,32.75,32.20000076293945,32.5,5926000
2017-10-23,32.7400016784668,32.97600173950195,32.459999084472656,32.529998779296875,4885700
2017-10-24,32.79999923706055,32.84299850463867,32.5,32.709999084472656,3847900
2017-10-25,32.9900016784668,32.9900016784668,32.20000076293945,32.900001525878906,6198100
2017-10-26,33.0,34.75,32.81999969482422,34.11000061035156,14738200
2017-10-27,34.689998626708984,35.290000915527344,34.21500015258789,35.20000076293945,10183500
2017-10-30,35.79999923706055,35.810001373291016,34.65999984741211,35.75,10321400
2017-10-31,35.81999969482422,37.439998626708984,35.81999969482422,37.189998626708984,13075900
2017-11-01,37.47999954223633,37.52000045776367,35.869998931884766,36.470001220703125,10587400
2017-11-02,35.869998931884766,36.36000061035156,34.75,36.06999969482422,8884500
2017-11-03,36.22999954223633,36.97999954223633,35.9109992980957,36.88999938964844,6615600
2017-11-06,37.310001373291016,37.75,36.79999923706055,37.18000030517578,8503000
2017-11-07,37.689998626708984,37.689998626708984,36.290000915527344,36.7599983215332,10536700
2017-11-08,36.939998626708984,37.159000396728516,36.0,36.709999084472656,13485400
2017-11-09,36.45000076293945,38.0099983215332,34.83000183105469,37.959999084472656,23511400
2017-11-10,37.650001525878906,39.73099899291992,37.38999938964844,39.209999084472656,19473500
2017-11-13,39.130001068115234,40.189998626708984,38.310001373291016,39.97999954223633,14382400
2017-11-14,39.97999954223633,40.5,39.5099983215332,39.7400016784668,11567500
2017-11-15,41.150001525878906,41.79999923706055,40.16999816894531,40.65999984741211,20676000
2017-11-16,40.95000076293945,41.970001220703125,40.52000045776367,41.900001525878906,19901900
2017-11-17,42.4900016784668,45.7400016784668,42.439998626708984,44.18000030517578,39206500
2017-11-20,44.9900016784668,46.060001373291016,44.58000183105469,45.209999084472656,28654900
2017-11-21,46.0,48.2400016784668,45.702999114990234,48.060001373291016,28904500
2017-11-22,46.861000061035156,49.54999923706055,46.099998474121094,48.810001373291016,44557600
2017-11-24,49.400001525878906,49.560001373291016,48.11000061035156,48.86000061035156,16562700
2017-11-27,47.209999084472656,47.400001525878906,40.369998931884766,41.02000045776367,76437500
2017-11-28,39.88999938964844,44.04999923706055,39.5,42.54999923706055,56515900
2017-11-29,43.20000076293945,43.38999938964844,37.18000030517578,39.130001068115234,52069600
2017-11-30,39.27000045776367,40.779998779296875,38.81999969482422,39.220001220703125,39352700
2017-12-01,39.34000015258789,39.54999923706055,36.720001220703125,38.220001220703125,25390100
2017-12-04,38.40999984741211,38.689998626708984,35.900001525878906,36.869998931884766,29566900
2017-12-05,36.75,38.59000015258789,36.7400016784668,37.599998474121094,21276200
2017-12-06,37.72999954223633,39.77000045776367,37.27000045776367,37.61000061035156,28820400
2017-12-07,39.32500076293945,39.459999084472656,37.959999084472656,38.72999954223633,23721600
2017-12-08,39.61000061035156,39.790000915527344,37.939998626708984,38.09000015258789,20917800
2017-12-11,38.150001525878906,38.68000030517578,37.70000076293945,38.29999923706055,15780200
2017-12-12,38.06999969482422,39.63999938964844,37.93000030517578,38.08000183105469,18834100
2017-12-13,38.16999816894531,38.45000076293945,36.06999969482422,36.189998626708984,25376200
2017-12-14,35.849998474121094,37.540000915527344,35.79999923706055,37.0099983215332,20939500
2017-12-15,37.29999923706055,37.65299987792969,36.869998931884766,37.029998779296875,12932000
2017-12-18,37.40999984741211,38.0,37.220001220703125,37.75,11897300
2017-12-19,38.099998474121094,38.099998474121094,36.52000045776367,36.91999816894531,12019100
2017-12-20,36.97999954223633,37.040000915527344,35.58000183105469,35.65999984741211,14012000
2017-12-21,35.68000030517578,36.470001220703125,35.65999984741211,35.869998931884766,9669100
2017-12-22,35.06999969482422,35.33000183105469,34.13999938964844,35.13999938964844,14382400
2017-12-26,35.0,35.5,34.720001220703125,35.04999923706055,7131300
2017-12-27,35.0099983215332,36.09000015258789,35.0099983215332,35.75,9559500
2017-12-28,35.91999816894531,36.099998474121094,34.959999084472656,35.130001068115234,8217500
2017-12-29,34.790000915527344,35.08000183105469,34.380001068115234,34.66999816894531,10462300
2018-01-02,34.70000076293945,36.2400016784668,34.68000030517578,36.16999816894531,11240500
2018-01-03,36.43000030517578,37.36000061035156,36.04999923706055,37.310001373291016,11617900
2018-01-04,38.29999923706055,38.65999984741211,37.400001525878906,38.099998474121094,20469800
2018-01-05,38.38999938964844,41.150001525878906,38.189998626708984,41.13999938964844,31102000
2018-01-08,41.0,41.90999984741211,39.810001373291016,40.7599983215332,26626100
2018-01-09,40.45000076293945,41.48099899291992,39.220001220703125,40.880001068115234,14710900
2018-01-10,40.619998931884766,41.20000076293945,40.0,40.84000015258789,11265600
2018-01-11,41.029998779296875,43.08000183105469,41.029998779296875,42.29999923706055,21023600
2018-01-12,42.369998931884766,42.5,41.0099983215332,41.25,13852300
2018-01-16,41.150001525878906,41.25,38.66999816894531,39.31999969482422,17333900
2018-01-17,39.31999969482422,40.310001373291016,39.220001220703125,40.060001373291016,10952300
2018-01-18,40.290000915527344,41.130001068115234,40.02000045776367,40.27000045776367,9836400
2018-01-19,42.16999816894531,42.97999954223633,41.65999984741211,42.560001373291016,24141600
2018-01-22,42.79999923706055,45.439998626708984,42.7599983215332,45.290000915527344,27197400
2018-01-23,45.060001373291016,45.66999816894531,43.5,45.0099983215332,19998000
2018-01-24,45.220001220703125,45.81999969482422,43.040000915527344,44.31999969482422,13960500
2018-01-25,44.83000183105469,45.4900016784668,44.029998779296875,45.119998931884766,9049900
2018-01-26,45.5,46.25,44.849998474121094,45.970001220703125,11110100
2018-01-29,46.08000183105469,46.249000549316406,44.900001525878906,45.43000030517578,7642500
2018-01-30,44.41999816894531,45.939998626708984,42.560001373291016,45.52000045776367,10229300
2018-01-31,45.96900177001953,47.5,45.79999923706055,46.90999984741211,15334400
2018-02-01,45.75,46.709999084472656,44.02000045776367,44.45000076293945,15925100
2018-02-02,43.900001525878906,45.349998474121094,43.349998474121094,43.61000061035156,14284100
2018-02-05,42.040000915527344,44.22999954223633,40.119998931884766,41.02000045776367,16631600
2018-02-06,39.91999816894531,41.97999954223633,39.099998474121094,41.61000061035156,20298800
2018-02-07,42.0099983215332,42.790000915527344,41.5,41.66999816894531,11060600
2018-02-08,42.849998474121094,42.849998474121094,39.5,39.5,16509100
2018-02-09,39.970001220703125,40.56999969482422,36.7599983215332,39.56999969482422,18780000
2018-02-12,39.810001373291016,40.459999084472656,38.79999923706055,39.91999816894531,9912800
2018-02-13,39.849998474121094,42.68000030517578,39.7400016784668,42.11000061035156,13293800
2018-02-14,41.810001373291016,42.4900016784668,40.720001220703125,41.849998474121094,16185700
2018-02-15,42.29999923706055,45.040000915527344,42.220001220703125,44.290000915527344,19642300
2018-02-16,44.029998779296875,45.189998626708984,43.540000915527344,44.11000061035156,10247800
2018-02-20,44.560001373291016,46.439998626708984,44.36000061035156,44.93000030517578,15747000
2018-02-21,45.849998474121094,45.900001525878906,43.79999923706055,44.099998474121094,11365400
2018-02-22,44.369998931884766,45.0,44.0099983215332,44.900001525878906,7078200
2018-02-23,45.02000045776367,45.459999084472656,44.220001220703125,44.86000061035156,7901400
2018-02-26,45.5,46.849998474121094,45.25,46.54999923706055,13615200
2018-02-27,46.560001373291016,47.11000061035156,45.40999984741211,45.90999984741211,19449200
2018-02-28,45.900001525878906,48.0,45.54999923706055,46.04999923706055,24022000
2018-03-01,46.0,46.25,44.290000915527344,46.0099983215332,17570500
2018-03-02,45.34000015258789,46.119998931884766,45.0099983215332,46.02000045776367,11010500
2018-03-05,45.459999084472656,50.5,45.439998626708984,50.41999816894531,30623200
2018-03-06,49.54999923706055,50.0099983215332,47.810001373291016,49.599998474121094,20827200
2018-03-07,48.70000076293945,51.88999938964844,48.54999923706055,50.720001220703125,18318000
2018-03-08,50.720001220703125,52.970001220703125,50.70000076293945,52.25,16961300
2018-03-09,52.70000076293945,53.220001220703125,52.150001525878906,52.4900016784668,11545300
2018-03-12,52.619998931884766,53.790000915527344,52.099998474121094,53.189998626708984,12482100
2018-03-13,53.400001525878906,53.64699935913086,50.7599983215332,51.83000183105469,13500400
2018-03-14,53.20000076293945,54.84000015258789,53.20000076293945,54.61000061035156,22043000
2018-03-15,55.099998474121094,55.540000915527344,54.09000015258789,54.84000015258789,13391000
2018-03-16,54.52000045776367,55.04999923706055,53.900001525878906,54.88999938964844,10818300
2018-03-19,54.779998779296875,55.88600158691406,53.150001525878906,54.58000183105469,16600600
2018-03-20,54.38999938964844,58.069000244140625,54.29999923706055,57.689998626708984,17238200
2018-03-21,57.810001373291016,58.459999084472656,56.52000045776367,57.09000015258789,13534300
2018-03-22,56.77000045776367,56.77000045776367,54.27000045776367,55.15999984741211,15704100
2018-03-23,54.060001373291016,54.060001373291016,51.119998931884766,51.66999816894531,20521900
2018-03-26,53.04999923706055,53.65999984741211,51.11000061035156,53.54999923706055,11332700
2018-03-27,54.86000061035156,55.150001525878906,50.349998474121094,51.060001373291016,13509300
2018-03-28,50.400001525878906,50.400001525878906,46.13999938964844,47.38999938964844,27553900
2018-03-29,47.849998474121094,49.790000915527344,47.650001525878906,49.20000076293945,18350500
2018-04-02,48.880001068115234,49.369998931884766,47.02000045776367,47.68000030517578,11918400
2018-04-03,48.70000076293945,48.869998931884766,46.75,47.58000183105469,9794600
2018-04-04,45.459999084472656,47.84000015258789,45.15999984741211,47.66999816894531,10540100
2018-04-05,48.29999923706055,48.880001068115234,47.56999969482422,48.02000045776367,9375200
2018-04-06,47.5,47.650001525878906,44.939998626708984,45.869998931884766,14184800
2018-04-09,46.130001068115234,47.189998626708984,45.83000183105469,45.88999938964844,8445300
2018-04-10,46.9900016784668,47.880001068115234,46.50199890136719,47.79999923706055,8701500
2018-04-11,47.66999816894531,48.9900016784668,47.459999084472656,47.7599983215332,7832300
2018-04-12,48.45000076293945,50.13999938964844,48.150001525878906,49.689998626708984,10479900
2018-04-13,50.34000015258789,50.41999816894531,47.209999084472656,47.5,11286200
2018-04-16,47.779998779296875,47.900001525878906,46.369998931884766,47.029998779296875,7414700
2018-04-17,47.93000030517578,49.689998626708984,47.869998931884766,49.130001068115234,8250200
2018-04-18,49.34000015258789,51.68000030517578,48.7599983215332,51.380001068115234,11145500
2018-04-19,51.130001068115234,51.58000183105469,50.09000015258789,50.630001068115234,8926400
2018-04-20,50.88999938964844,52.5,50.65999984741211,51.459999084472656,9079200
2018-04-23,51.79999923706055,51.9900016784668,50.119998931884766,50.349998474121094,7092100
2018-04-24,50.349998474121094,50.349998474121094,45.310001373291016,46.0099983215332,18383900
2018-04-25,46.79999923706055,46.900001525878906,43.720001220703125,44.75,16085100
2018-04-26,46.11000061035156,47.369998931884766,45.599998474121094,46.7400016784668,10236800
2018-04-27,48.0,48.77000045776367,47.189998626708984,47.56999969482422,10176400
2018-04-30,47.70000076293945,48.91999816894531,45.7599983215332,47.34000015258789,16758000
2018-05-01,47.11000061035156,48.5,46.689998626708984,48.20000076293945,7670000
2018-05-02,48.34000015258789,50.0,48.29999923706055,48.65999984741211,18113300
2018-05-03,46.70000076293945,49.47999954223633,46.500999450683594,49.209999084472656,20472800
2018-05-04,48.29999923706055,49.66999816894531,48.150001525878906,49.099998474121094,10442100
2018-05-07,49.099998474121094,51.81999969482422,49.04999923706055,51.119998931884766,13758900
2018-05-08,51.209999084472656,53.68000030517578,50.2400016784668,53.31999969482422,18013400
2018-05-09,53.150001525878906,54.88999938964844,52.43000030517578,54.2599983215332,12653500
2018-05-10,54.52000045776367,55.5,53.86000061035156,54.650001525878906,10628800
2018-05-11,54.540000915527344,55.47999954223633,54.0099983215332,54.72999954223633,7470500
2018-05-14,55.04999923706055,56.08000183105469,54.04999923706055,54.279998779296875,10681900
2018-05-15,54.02000045776367,55.0,53.130001068115234,54.650001525878906,7653600
2018-05-16,54.779998779296875,56.720001220703125,54.459999084472656,56.59000015258789,10878800
2018-05-17,56.5,57.189998626708984,54.599998474121094,54.81999969482422,14528400
2018-05-18,53.540000915527344,55.33000183105469,53.0,55.040000915527344,10012200
2018-05-21,56.040000915527344,57.04999923706055,55.70500183105469,56.38999938964844,8228800
2018-05-22,56.400001525878906,56.619998931884766,54.4900016784668,54.630001068115234,9693800
2018-05-23,54.16999816894531,55.09000015258789,53.65999984741211,55.09000015258789,9545800
2018-05-24,55.0,55.84000015258789,54.7599983215332,55.54999923706055,7574100
2018-05-25,55.84000015258789,56.86000061035156,55.40999984741211,55.77000045776367,5509700
2018-05-29,56.0,57.8390007019043,55.88999938964844,56.91999816894531,10247300
2018-05-30,57.66999816894531,58.38999938964844,56.91999816894531,57.90999984741211,9457000
2018-05-31,58.0,58.900001525878906,57.599998474121094,58.25,7980900
2018-06-01,58.70000076293945,60.2599983215332,58.28099822998047,59.40999984741211,10479600
2018-06-04,60.4900016784668,61.4900016784668,59.709999084472656,61.20000076293945,10717900
2018-06-05,61.36000061035156,61.93000030517578,60.43000030517578,61.56999969482422,8752800
2018-06-06,61.599998474121094,62.83000183105469,61.08000183105469,62.720001220703125,8590900
2018-06-07,62.650001525878906,62.77000045776367,59.29999923706055,60.66999816894531,14474600
2018-06-08,60.58000183105469,62.040000915527344,60.189998626708984,61.779998779296875,8300900
2018-06-11,61.970001220703125,62.459999084472656,59.5,61.290000915527344,6048000
2018-06-12,61.77000045776367,64.08000183105469,61.650001525878906,63.209999084472656,9585600
2018-06-13,62.25,63.86000061035156,62.16999816894531,62.5,11262000
2018-06-14,63.20000076293945,64.8499984741211,63.20000076293945,63.880001068115234,11913100
2018-06-15,63.650001525878906,64.5999984741211,62.529998779296875,64.4800033569336,7904400
2018-06-18,64.1500015258789,66.44000244140625,63.880001068115234,66.19999694824219,10488300
2018-06-19,65.31999969482422,66.0999984741211,63.54999923706055,65.95999908447266,9504500
2018-06-20,66.58999633789062,68.97000122070312,66.55000305175781,67.58999633789062,12382500
2018-06-21,68.77999877929688,69.4000015258789,66.2699966430664,67.0999984741211,9999500
2018-06-22,68.16999816894531,68.16999816894531,65.11000061035156,65.75,10778400
2018-06-25,64.0,64.1500015258789,60.869998931884766,61.88999938964844,15115400
2018-06-26,62.029998779296875,63.400001525878906,61.11000061035156,62.54999923706055,13168900
2018-06-27,63.849998474121094,64.16000366210938,59.83000183105469,60.09000015258789,11139700
2018-06-28,61.02000045776367,61.83000183105469,59.400001525878906,61.54999923706055,11836900
2018-06-29,62.29999923706055,62.77000045776367,61.439998626708984,61.63999938964844,6759300
2018-07-02,60.470001220703125,63.22999954223633,60.2599983215332,63.13999938964844,5427100
2018-07-03,63.31999969482422,63.650001525878906,61.52000045776367,61.75,4234700
2018-07-05,62.54999923706055,64.43000030517578,62.279998779296875,64.1500015258789,7671000
2018-07-06,64.5999984741211,66.5199966430664,63.7599983215332,66.44000244140625,10441600
2018-07-09,67.30000305175781,67.5,64.8499984741211,66.4800033569336,9067800
2018-07-10,66.0,66.8499984741211,64.41000366210938,64.76000213623047,9162700
2018-07-11,64.29000091552734,65.83999633789062,64.12000274658203,65.33000183105469,5857100
2018-07-12,65.80999755859375,67.48999786376953,65.69999694824219,67.27999877929688,8927300
2018-07-13,67.02999877929688,67.27999877929688,65.5,66.97000122070312,7686000
2018-07-16,66.69000244140625,68.33799743652344,66.69000244140625,66.94999694824219,5407900
2018-07-17,66.56999969482422,68.66999816894531,66.37000274658203,68.33000183105469,6293100
2018-07-18,68.44999694824219,68.83000183105469,67.41999816894531,68.29000091552734,4913100
2018-07-19,69.4000015258789,71.31999969482422,68.8499984741211,70.31999969482422,11981300
2018-07-20,70.94999694824219,72.08999633789062,70.16999816894531,70.41000366210938,9262800
2018-07-23,70.5,72.20999908447266,69.6500015258789,71.5999984741211,7059700
2018-07-24,72.56999969482422,72.80000305175781,68.19999694824219,69.36000061035156,12188100
2018-07-25,69.7300033569336,72.52999877929688,69.62999725341797,72.52999877929688,8286200
2018-07-26,71.18000030517578,72.33000183105469,70.11000061035156,71.98999786376953,6744500
2018-07-27,72.4800033569336,73.19000244140625,68.76000213623047,69.8499984741211,8687200
2018-07-30,70.04000091552734,70.19999694824219,64.20999908447266,65.62000274658203,13599000
2018-07-31,65.87999725341797,66.80000305175781,63.209999084472656,64.6500015258789,10692300
2018-08-01,65.0999984741211,67.41000366210938,65.0,66.86000061035156,11990400
2018-08-02,65.25,72.81999969482422,64.22000122070312,72.6500015258789,20831900
2018-08-03,72.0999984741211,72.43000030517578,67.83000183105469,68.36000061035156,14949000
2018-08-06,69.61000061035156,71.0,68.73999786376953,70.91999816894531,10876000
2018-08-07,70.88999938964844,71.58999633789062,69.93000030517578,71.0,6589700
2018-08-08,70.8499984741211,71.0999984741211,69.5510025024414,70.81999969482422,5006400
2018-08-09,71.12000274658203,71.2699966430664,69.30000305175781,69.37999725341797,6312700
2018-08-10,69.22000122070312,72.2300033569336,68.9000015258789,70.5999984741211,13371600
2018-08-13,70.69000244140625,74.48999786376953,70.5999984741211,72.37000274658203,13082400
2018-08-14,73.66999816894531,75.1500015258789,73.4800033569336,74.97000122070312,10883300
2018-08-15,74.48999786376953,75.44999694824219,71.45099639892578,72.23999786376953,13050900
2018-08-16,73.4000015258789,73.43000030517578,71.5999984741211,72.76000213623047,8175200
2018-08-17,72.83000183105469,73.38999938964844,71.8010025024414,72.9000015258789,5561400
2018-08-20,72.94999694824219,74.4000015258789,72.01000213623047,74.26000213623047,7076700
2018-08-21,74.26000213623047,76.30999755859375,74.26000213623047,75.19000244140625,8587800
2018-08-22,75.19000244140625,76.83000183105469,74.75,76.44000244140625,6827800
2018-08-23,76.95999908447266,78.43000030517578,76.66100311279297,77.12000274658203,7721700
2018-08-24,77.83999633789062,78.47000122070312,77.44999694824219,78.18000030517578,7050600
2018-08-27,78.79000091552734,79.05999755859375,77.26000213623047,78.25,8257200
2018-08-28,78.83999633789062,81.41000366210938,78.62300109863281,80.80000305175781,11452000
2018-08-29,82.40499877929688,86.16999816894531,81.44000244140625,85.69999694824219,22484700
2018-08-30,85.72000122070312,89.22000122070312,85.5,87.76000213623047,20083800
2018-08-31,87.83000183105469,89.69499969482422,87.37999725341797,88.63999938964844,11165100
2018-09-04,88.73999786376953,91.63999938964844,87.76000213623047,91.25,13753200
2018-09-05,91.30000305175781,91.41000366210938,84.33999633789062,87.19999694824219,18020900
2018-09-06,87.83000183105469,89.80000305175781,86.69999694824219,88.54000091552734,12523600
2018-09-07,87.66000366210938,91.5,86.55000305175781,89.97000122070312,10503800
2018-09-10,90.33999633789062,90.83000183105469,87.79000091552734,89.38999938964844,10223500
2018-09-11,88.9000015258789,92.91899871826172,88.69999694824219,92.27999877929688,11994800
2018-09-12,92.29000091552734,92.4000015258789,88.4000015258789,90.44000244140625,12707900
2018-09-13,91.16000366210938,92.38999938964844,89.43000030517578,90.22000122070312,9672800
2018-09-14,90.26000213623047,91.29000091552734,89.30999755859375,90.81999969482422,7278500
2018-09-17,90.13999938964844,91.94999694824219,86.51000213623047,86.86000061035156,10516400
2018-09-18,87.94000244140625,89.37999725341797,87.05999755859375,87.98999786376953,10583000
2018-09-19,88.30000305175781,88.55999755859375,83.33000183105469,84.80000305175781,13187700
2018-09-20,85.9800033569336,87.31999969482422,84.81999969482422,86.51000213623047,9195800
2018-09-21,87.05000305175781,87.73999786376953,85.16000366210938,85.30000305175781,10114000
2018-09-24,83.9000015258789,87.12999725341797,81.52999877929688,86.04000091552734,8152100
2018-09-25,88.73999786376953,96.0,88.19000244140625,95.3499984741211,28195200
2018-09-26,97.45999908447266,98.47000122070312,94.05000305175781,94.6500015258789,25510900
2018-09-27,94.91000366210938,99.12999725341797,94.7699966430664,97.95999908447266,21040400
2018-09-28,97.36000061035156,100.38999938964844,97.06999969482422,99.01000213623047,15268200
2018-10-01,100.80000305175781,101.1500015258789,96.5999984741211,97.27999877929688,12616900
2018-10-02,97.66000366210938,100.41600036621094,97.25,97.83000183105469,11895000
2018-10-03,98.4800033569336,98.69999694824219,95.69000244140625,96.95999908447266,9820600
2018-10-04,96.98999786376953,97.05999755859375,92.30000305175781,94.48999786376953,13896300
2018-10-05,94.41000366210938,96.30999755859375,91.62999725341797,94.11000061035156,12099800
2018-10-08,92.4000015258789,92.63999938964844,83.55000305175781,86.05999755859375,30365100
2018-10-09,83.69000244140625,87.66000366210938,83.0,86.16999816894531,16729100
2018-10-10,86.73999786376953,86.9000015258789,76.9000015258789,77.44999694824219,32581900
2018-10-11,72.36000061035156,74.37999725341797,65.0,69.02999877929688,63545700
2018-10-12,76.25,76.37999725341797,71.5199966430664,73.97000122070312,38121500
2018-10-15,74.55999755859375,75.9000015258789,72.75,73.7699966430664,22583500
2018-10-16,76.5,79.0999984741211,73.86000061035156,78.72000122070312,23256400
2018-10-17,79.93000030517578,80.31999969482422,75.91000366210938,78.05000305175781,16656800
2018-10-18,76.19000244140625,77.56999969482422,73.5999984741211,74.95999908447266,15368000
2018-10-19,77.4800033569336,78.69999694824219,74.01000213623047,74.06999969482422,16924800
2018-10-22,74.80000305175781,76.3499984741211,72.27999877929688,75.72000122070312,15948000
2018-10-23,72.79000091552734,74.41999816894531,71.55000305175781,74.1500015258789,16952900
2018-10-24,74.06999969482422,75.20999908447266,69.0999984741211,69.33999633789062,15587900
2018-10-25,70.1500015258789,74.4000015258789,69.5,73.48999786376953,13759200
2018-10-26,70.70999908447266,73.30999755859375,68.9000015258789,71.12000274658203,16771800
2018-10-29,72.47000122070312,73.55000305175781,65.37000274658203,67.27999877929688,20295600
2018-10-30,65.91000366210938,68.9000015258789,64.49400329589844,68.76000213623047,17359100
2018-10-31,71.11000061035156,74.5199966430664,71.04000091552734,73.44999694824219,17915800
2018-11-01,74.01000213623047,77.16999816894531,72.5,76.73999786376953,13574000
2018-11-02,76.7699966430664,79.94000244140625,76.31999969482422,77.76000213623047,13561600
2018-11-05,76.87000274658203,76.97000122070312,72.22000122070312,75.01000213623047,16851400
2018-11-06,76.91000366210938,79.37000274658203,76.2699966430664,77.30999755859375,18563300
2018-11-07,78.5199966430664,83.0,78.44000244140625,82.69000244140625,24041900
2018-11-08,79.43000030517578,80.5999984741211,73.66000366210938,75.2300033569336,35808900
2018-11-09,73.0999984741211,74.5999984741211,71.5,73.2699966430664,17267100
2018-11-12,73.01000213623047,73.80000305175781,67.21099853515625,69.83000183105469,19982100
2018-11-13,70.29000091552734,72.80000305175781,68.5,71.8499984741211,18485900
2018-11-14,72.44999694824219,73.41999816894531,68.51000213623047,69.80999755859375,14251900
2018-11-15,70.19000244140625,74.22000122070312,69.05999755859375,73.5999984741211,12244400
2018-11-16,71.51000213623047,73.19999694824219,69.94000244140625,70.58999633789062,13311400
2018-11-19,70.08999633789062,70.4000015258789,62.70000076293945,62.970001220703125,22491200
2018-11-20,56.0,63.58000183105469,55.369998931884766,61.81999969482422,34865500
2018-11-21,63.310001373291016,63.959999084472656,60.27000045776367,62.619998931884766,15670500
2018-11-23,61.66999816894531,64.0,61.529998779296875,63.470001220703125,6010500
2018-11-26,64.80000305175781,66.9000015258789,63.779998779296875,66.5199966430664,12630400
2018-11-27,65.58999633789062,67.30000305175781,65.12000274658203,65.87999725341797,9607400
2018-11-28,67.01000213623047,70.0999984741211,65.43000030517578,69.88999938964844,16478200
2018-11-29,69.44000244140625,70.72000122070312,67.55000305175781,69.9000015258789,13912800
2018-11-30,69.4000015258789,70.68000030517578,68.4000015258789,69.83999633789062,12218100
2018-12-03,73.06999969482422,73.08999633789062,71.06999969482422,71.94999694824219,16208500
2018-12-04,70.05000305175781,70.80000305175781,63.27000045776367,63.5099983215332,31179700
2018-12-06,61.5099983215332,65.69999694824219,60.20000076293945,65.69000244140625,23253600
2018-12-07,64.94000244140625,66.08999633789062,59.0,60.779998779296875,20672200
2018-12-10,59.77000045776367,64.12999725341797,59.75,63.380001068115234,18276800
2018-12-11,64.8499984741211,65.75,61.14400100708008,61.779998779296875,17887300
2018-12-12,63.0,65.69000244140625,62.784000396728516,63.650001525878906,15966600
2018-12-13,63.970001220703125,64.4000015258789,62.130001068115234,62.900001525878906,10708100
2018-12-14,61.939998626708984,63.939998626708984,61.0,62.13999938964844,10528100
2018-12-17,61.08000183105469,61.86000061035156,58.18000030517578,58.619998931884766,16517300
2018-12-18,59.16999816894531,60.994998931884766,58.310001373291016,59.91999816894531,16083600
2018-12-19,60.0,62.4900016784668,58.810001373291016,59.029998779296875,18705300
2018-12-20,58.099998474121094,59.900001525878906,53.7599983215332,55.900001525878906,24787600
2018-12-21,55.13999938964844,55.97999954223633,52.150001525878906,52.5099983215332,24945200
2018-12-24,50.380001068115234,52.5,49.81999969482422,50.720001220703125,11331800
2018-12-26,51.189998626708984,55.470001220703125,50.400001525878906,55.31999969482422,19549200
2018-12-27,54.439998626708984,56.369998931884766,52.5099983215332,56.150001525878906,20228800
2018-12-28,56.70000076293945,57.099998474121094,54.91999816894531,55.869998931884766,18413300
2018-12-31,56.439998626708984,57.349998474121094,55.459999084472656,56.09000015258789,13258800
2019-01-02,54.099998474121094,57.83000183105469,53.560001373291016,57.20000076293945,13434000
2019-01-03,55.58000183105469,56.72999954223633,52.2599983215332,52.41999816894531,19076300
2019-01-04,54.400001525878906,59.65999984741211,53.861000061035156,58.18000030517578,30228600
2019-01-07,59.0,61.290000915527344,58.04999923706055,60.720001220703125,18146900
2019-01-08,62.599998474121094,63.79999923706055,61.150001525878906,63.119998931884766,21511800
2019-01-09,63.29999923706055,66.9000015258789,62.560001373291016,65.93000030517578,21012400
2019-01-10,64.75,66.19999694824219,63.720001220703125,66.0999984741211,13562200
2019-01-11,65.69000244140625,67.63999938964844,65.22000122070312,66.2300033569336,14448300
2019-01-14,64.72000122070312,65.72000122070312,63.7400016784668,65.18000030517578,12364300
2019-01-15,65.13999938964844,66.7699966430664,64.86000061035156,65.95999908447266,12099400
2019-01-16,66.33999633789062,67.62999725341797,65.2300033569336,65.9000015258789,13368300
2019-01-17,66.0999984741211,69.69999694824219,65.94999694824219,68.83999633789062,20971700
2019-01-18,69.69999694824219,72.26000213623047,69.23999786376953,72.23999786376953,22074100
2019-01-22,71.61000061035156,71.75,67.2699966430664,67.8499984741211,19149900
2019-01-23,69.58000183105469,70.58999633789062,68.0199966430664,69.0999984741211,17864400
2019-01-24,69.37000274658203,74.02999877929688,69.30000305175781,73.94000244140625,24611600
2019-01-25,74.9000015258789,78.1500015258789,74.5,77.97000122070312,25114700
2019-01-28,75.38999938964844,77.01000213623047,74.12000274658203,76.22000122070312,15701700
2019-01-29,72.26000213623047,72.43000030517578,68.05000305175781,68.55999755859375,32382900
2019-01-30,71.01000213623047,71.5999984741211,68.72000122070312,71.52999877929688,18710400
2019-01-31,70.02999877929688,73.86000061035156,69.9800033569336,71.3499984741211,15679400
2019-02-01,71.05000305175781,71.27999877929688,69.72000122070312,70.80000305175781,12677800
2019-02-04,71.0,72.62000274658203,70.4000015258789,71.75,10582100
2019-02-05,73.0,75.16999816894531,72.2699966430664,72.27999877929688,19150500
2019-02-06,72.30999755859375,73.27999877929688,70.81999969482422,72.66999816894531,10068500
2019-02-07,71.7699966430664,72.9800033569336,70.5199966430664,71.94999694824219,9549700
2019-02-08,70.62000274658203,73.48999786376953,70.2300033569336,73.48999786376953,9947800
2019-02-11,74.55999755859375,75.87999725341797,73.55999755859375,74.31999969482422,13317500
2019-02-12,75.55000305175781,75.88999938964844,74.84300231933594,75.58999633789062,8947700
2019-02-13,76.0,77.24700164794922,75.4000015258789,75.62999725341797,10212300
2019-02-14,74.88999938964844,76.05999755859375,73.80000305175781,75.66999816894531,7671800
2019-02-15,76.22000122070312,76.8550033569336,75.0999984741211,75.63999938964844,7148900
2019-02-19,75.95999908447266,77.0999984741211,75.79299926757812,76.63999938964844,7438600
2019-02-20,77.0,77.66999816894531,75.11000061035156,75.97000122070312,8773800
2019-02-21,75.94999694824219,76.5,74.13500213623047,74.43000030517578,7645100
2019-02-22,74.87999725341797,76.08000183105469,74.8499984741211,76.08000183105469,7614800
2019-02-25,77.80000305175781,78.55999755859375,76.77999877929688,77.12999725341797,8757600
2019-02-26,77.30000305175781,78.19000244140625,76.86599731445312,77.94999694824219,8544300
2019-02-27,78.0,79.55999755859375,77.38999938964844,79.31999969482422,19712500
2019-02-28,75.91999816894531,82.77999877929688,74.56999969482422,81.23999786376953,41441000
2019-03-01,80.97000122070312,81.02999877929688,76.69000244140625,77.45999908447266,22485900
2019-03-04,77.98999786376953,78.48999786376953,73.05000305175781,74.69000244140625,16804800
2019-03-05,74.88999938964844,76.51000213623047,73.76000213623047,76.04000091552734,9711800
2019-03-06,75.55000305175781,75.94999694824219,74.29000091552734,75.13999938964844,7174000
2019-03-07,74.79000091552734,75.28600311279297,73.18000030517578,74.11000061035156,9561700
2019-03-08,71.94999694824219,74.4000015258789,71.0999984741211,74.4000015258789,9025200
2019-03-11,74.98999786376953,75.94999694824219,74.62000274658203,75.52999877929688,7901700
2019-03-12,76.0,78.0,75.80000305175781,76.7699966430664,9494800
2019-03-13,77.38999938964844,78.8499984741211,76.94999694824219,77.8499984741211,8664000
2019-03-14,78.0,78.72000122070312,77.0999984741211,77.37999725341797,6579200
2019-03-15,77.80999755859375,78.25,76.25,76.6500015258789,8485800
2019-03-18,76.61000061035156,76.83000183105469,73.51000213623047,75.2300033569336,12755300
2019-03-19,75.68000030517578,77.2699966430664,75.44000244140625,76.80999755859375,8170900
2019-03-20,76.18000030517578,76.2300033569336,73.94999694824219,75.26000213623047,9423000
2019-03-21,74.87000274658203,78.73999786376953,74.7699966430664,78.52999877929688,10707700
2019-03-22,78.23999786376953,79.19999694824219,74.94999694824219,75.08999633789062,9924300
2019-03-25,74.44999694824219,75.4739990234375,73.33000183105469,74.55000305175781,8267000
2019-03-26,75.66000366210938,75.7699966430664,73.16000366210938,73.93000030517578,8891300
2019-03-27,75.37999725341797,75.5999984741211,71.63999938964844,72.97000122070312,11690800
2019-03-28,73.66000366210938,74.77999877929688,72.8499984741211,74.26000213623047,7479300
2019-03-29,74.62000274658203,75.54000091552734,74.25,74.91999816894531,6437100
2019-04-01,75.58999633789062,76.69999694824219,75.0999984741211,76.31999969482422,8764300
2019-04-02,76.05000305175781,76.56999969482422,75.12999725341797,75.5999984741211,6626100
2019-04-03,75.98999786376953,77.83999633789062,75.98999786376953,77.05000305175781,10118800
2019-04-04,76.79000091552734,77.2300033569336,73.62999725341797,74.5199966430664,10705300
2019-04-05,75.2300033569336,76.4800033569336,74.7300033569336,75.02999877929688,7396200
2019-04-08,74.76000213623047,75.33000183105469,73.76000213623047,75.0,6564100
2019-04-09,74.62999725341797,75.9000015258789,74.4000015258789,74.5999984741211,7236100
2019-04-10,75.05999755859375,75.6500015258789,73.91999816894531,74.73999786376953,7779300
2019-04-11,75.05000305175781,76.05000305175781,74.94100189208984,75.5,6971300
2019-04-12,76.3499984741211,76.45999908447266,74.81800079345703,75.27999877929688,6318600
2019-04-15,75.2300033569336,76.33000183105469,74.09500122070312,74.38999938964844,6840200
2019-04-16,74.9000015258789,75.18000030517578,72.7699966430664,73.48999786376953,6391500
2019-04-17,73.88999938964844,73.9000015258789,72.20999908447266,72.76000213623047,5901200
2019-04-18,72.5,72.75,69.79000091552734,70.73999786376953,11829500
2019-04-22,70.05000305175781,72.87999725341797,70.0,72.58000183105469,7867700
2019-04-23,72.98999786376953,73.19999694824219,72.0199966430664,72.44999694824219,6250000
2019-04-24,72.69999694824219,73.55999755859375,71.7300033569336,71.98999786376953,7056500
2019-04-25,72.33999633789062,73.5,72.01000213623047,72.6500015258789,6384900
2019-04-26,73.1500015258789,73.16999816894531,70.8550033569336,71.55000305175781,7426900
2019-04-29,71.54000091552734,73.87000274658203,71.5,72.72000122070312,8627300
2019-04-30,72.58999633789062,73.8499984741211,72.2699966430664,72.81999969482422,7192100
2019-05-01,73.94999694824219,74.7300033569336,73.1709976196289,73.62000274658203,15731100
2019-05-02,69.80000305175781,70.5,66.05000305175781,67.73999786376953,34399600
2019-05-03,67.91000366210938,68.66999816894531,66.5999984741211,68.5199966430664,9187200
2019-05-06,65.45999908447266,70.29000091552734,65.41000366210938,70.13999938964844,13595800
2019-05-07,69.9800033569336,70.33999633789062,67.37000274658203,68.41999816894531,10764100
2019-05-08,68.22000122070312,68.29000091552734,66.77999877929688,67.25,9863000
2019-05-09,66.52999877929688,66.62000274658203,64.68499755859375,66.38999938964844,9178500
2019-05-10,65.93000030517578,67.08999633789062,64.45999908447266,65.98999786376953,7689900
2019-05-13,63.900001525878906,64.30999755859375,61.650001525878906,62.38999938964844,14597100
2019-05-14,62.9900016784668,65.23999786376953,62.483001708984375,64.11000061035156,10036600
2019-05-15,63.599998474121094,65.2300033569336,63.439998626708984,65.2300033569336,7857700
2019-05-16,65.11000061035156,67.1500015258789,65.052001953125,66.4000015258789,8587800
2019-05-17,65.22000122070312,66.48999786376953,64.6500015258789,65.30999755859375,6868400
2019-05-20,64.1500015258789,64.69999694824219,63.58000183105469,64.38999938964844,6715100
2019-05-21,65.20999908447266,66.08999633789062,65.1500015258789,65.91999816894531,5698700
2019-05-22,65.68000030517578,67.04299926757812,65.66000366210938,66.45999908447266,6695100
2019-05-23,65.05000305175781,65.33000183105469,62.77000045776367,63.75,9444500
2019-05-24,64.1500015258789,65.04000091552734,63.7599983215332,64.66000366210938,7994000
2019-05-28,65.19999694824219,67.66999816894531,65.0999984741211,65.81999969482422,10027500
2019-05-29,65.05999755859375,65.05999755859375,62.70000076293945,63.22999954223633,10392800
2019-05-30,63.779998779296875,64.29000091552734,63.20000076293945,63.66999816894531,5590400
2019-05-31,62.2400016784668,62.5,61.310001373291016,61.95000076293945,7220500
2019-06-03,61.95000076293945,62.54399871826172,59.891998291015625,60.619998931884766,9309700
2019-06-04,61.54999923706055,63.45000076293945,60.72999954223633,63.38999938964844,8234400
2019-06-05,63.45000076293945,65.63999938964844,63.43000030517578,64.93000030517578,9330700
2019-06-06,64.87999725341797,65.87000274658203,64.19999694824219,65.7699966430664,6021800
2019-06-07,66.4800033569336,69.06999969482422,66.16000366210938,68.45999908447266,9995100
2019-06-10,69.56999969482422,71.69999694824219,69.12000274658203,70.37000274658203,10668200
2019-06-11,71.19999694824219,71.87999725341797,69.11000061035156,70.18000030517578,7130700
2019-06-12,70.0,70.91999816894531,69.52999877929688,70.45999908447266,6612100
2019-06-13,70.76000213623047,72.75,70.52999877929688,72.18000030517578,8201400
2019-06-14,71.80999755859375,72.08000183105469,70.91999816894531,71.58999633789062,5344700
2019-06-17,72.0,72.93000030517578,71.80000305175781,72.20999908447266,5353100
2019-06-18,72.9000015258789,73.50499725341797,71.5999984741211,71.81999969482422,7651600
2019-06-19,71.7699966430664,72.77999877929688,71.2699966430664,72.66000366210938,6079100
2019-06-20,73.76000213623047,74.55000305175781,73.30999755859375,74.41999816894531,8796800
2019-06-21,74.08000183105469,74.26000213623047,72.29000091552734,72.87000274658203,8396700
2019-06-24,72.9800033569336,73.67900085449219,72.5199966430664,72.70999908447266,4468000
2019-06-25,72.93000030517578,73.16999816894531,69.26000213623047,69.87000274658203,12032700
2019-06-26,70.9800033569336,72.0,69.91000366210938,69.94999694824219,7911800
2019-06-27,70.56999969482422,71.54000091552734,70.05000305175781,71.27999877929688,5163800
2019-06-28,72.43000030517578,73.14800262451172,71.56999969482422,72.52999877929688,9465000
2019-07-01,73.9000015258789,74.19999694824219,72.69999694824219,73.19999694824219,8068300
2019-07-02,72.9800033569336,73.97000122070312,72.6500015258789,73.97000122070312,5894900
2019-07-03,74.0,74.31999969482422,73.3499984741211,74.26000213623047,2904600
2019-07-05,73.75,74.36000061035156,73.19999694824219,74.30999755859375,3523500
2019-07-08,73.80000305175781,74.0,73.05999755859375,73.43000030517578,4288000
2019-07-09,74.02999877929688,78.38999938964844,73.95999908447266,77.95999908447266,21399700
2019-07-10,77.91000366210938,78.69999694824219,77.4000015258789,78.37000274658203,10342800
2019-07-11,78.44999694824219,79.95999908447266,78.43000030517578,79.44000244140625,7916400
2019-07-12,80.05000305175781,82.66000366210938,79.7300033569336,82.27999877929688,13586300
2019-07-15,82.4800033569336,82.51000213623047,81.19999694824219,82.16999816894531,6428500
2019-07-16,81.80000305175781,81.80000305175781,80.30999755859375,80.58999633789062,5772000
2019-07-17,80.20999908447266,82.16999816894531,80.19000244140625,80.87000274658203,6264000
2019-07-18,80.87000274658203,82.13999938964844,80.22000122070312,81.05999755859375,6834600
2019-07-19,81.61000061035156,81.69999694824219,78.41999816894531,78.51000213623047,6877500
2019-07-22,79.12999725341797,79.62999725341797,78.37999725341797,78.56999969482422,4001900
2019-07-23,79.0,79.37000274658203,77.86100006103516,78.83999633789062,3624800
2019-07-24,78.66999816894531,80.5,78.43000030517578,80.43000030517578,4751000
2019-07-25,80.1500015258789,81.08999633789062,79.12999725341797,80.0199966430664,6000400
2019-07-26,80.62999725341797,82.31999969482422,80.62999725341797,81.80999755859375,5668200
2019-07-29,81.87999725341797,82.0,79.05999755859375,80.19999694824219,7211400
2019-07-30,80.2300033569336,81.19000244140625,79.37999725341797,80.48999786376953,5369300
2019-07-31,81.16999816894531,81.94999694824219,79.01000213623047,80.41000366210938,7406900
2019-08-01,81.0999984741211,83.19999694824219,80.0,80.9800033569336,16099700
2019-08-02,70.80000305175781,70.80999755859375,67.25,69.5999984741211,43722000
2019-08-05,66.19999694824219,66.5,63.685001373291016,64.8499984741211,21651500
2019-08-06,66.8499984741211,67.4000015258789,63.150001525878906,64.5999984741211,14970800
2019-08-07,63.18000030517578,65.26000213623047,62.849998474121094,65.0,9246500
2019-08-08,66.06999969482422,66.56999969482422,64.93000030517578,66.2699966430664,9461900
2019-08-09,65.97000122070312,66.12000274658203,64.31999969482422,65.01000213623047,7216900
2019-08-12,64.0199966430664,64.23699951171875,60.25199890136719,62.29999923706055,8516800
2019-08-13,62.0,63.5,61.52000045776367,63.0,11917600
2019-08-14,61.849998474121094,62.349998474121094,60.470001220703125,61.54999923706055,8577900
2019-08-15,62.0099983215332,62.68000030517578,61.2400016784668,62.0,7080300
2019-08-16,62.61000061035156,63.209999084472656,62.130001068115234,62.869998931884766,5421400
2019-08-19,64.0,64.43299865722656,63.20000076293945,64.08000183105469,6975800
2019-08-20,64.23999786376953,65.1050033569336,63.827999114990234,64.37000274658203,7008600
2019-08-21,65.31999969482422,66.13999938964844,64.80999755859375,65.41000366210938,5536400
2019-08-22,65.91999816894531,65.97000122070312,63.369998931884766,64.68000030517578,4694400
2019-08-23,64.30000305175781,65.05000305175781,61.400001525878906,61.779998779296875,9173800
2019-08-26,62.91999816894531,63.52000045776367,62.36000061035156,62.79999923706055,5257600
2019-08-27,63.15999984741211,63.43000030517578,61.119998931884766,61.75,5207100
2019-08-28,61.279998779296875,62.21900177001953,60.599998474121094,62.150001525878906,4559600
2019-08-29,63.02000045776367,63.40999984741211,62.29999923706055,62.84000015258789,4421800
2019-08-30,63.150001525878906,63.459999084472656,61.1510009765625,61.84000015258789,5828500
2019-09-03,62.43000030517578,63.97999954223633,60.959999084472656,61.130001068115234,12051700
2019-09-04,61.75,62.689998626708984,60.77000045776367,61.16999816894531,6637100
2019-09-05,61.880001068115234,63.470001220703125,61.66899871826172,63.02000045776367,8160400
2019-09-06,63.5,63.849998474121094,61.88999938964844,62.0,4744100
2019-09-09,62.54999923706055,62.72999954223633,59.06999969482422,61.470001220703125,11684400
2019-09-10,60.720001220703125,62.099998474121094,59.45000076293945,60.54999923706055,9394000
2019-09-11,60.849998474121094,60.849998474121094,58.90999984741211,59.20000076293945,11561400
2019-09-12,59.5,59.86000061035156,57.75,57.790000915527344,15301200
2019-09-13,57.18000030517578,58.849998474121094,55.90999984741211,58.290000915527344,11657500
2019-09-16,57.34000015258789,59.630001068115234,57.2400016784668,59.25,12394000
2019-09-17,60.20000076293945,60.70000076293945,59.150001525878906,59.599998474121094,9225100
2019-09-18,59.9900016784668,60.41999816894531,58.7599983215332,59.75,8644200
2019-09-19,59.959999084472656,60.18000030517578,58.40999984741211,59.029998779296875,7094000
2019-09-20,59.0,59.13999938964844,56.92499923706055,57.849998474121094,9204200
2019-09-23,57.06999969482422,57.45000076293945,56.38999938964844,56.7599983215332,8773800
2019-09-24,56.849998474121094,58.75,54.40999984741211,57.5,19489000
2019-09-25,57.41999816894531,58.88999938964844,56.229000091552734,58.5099983215332,10034000
2019-09-26,60.040000915527344,61.150001525878906,59.83000183105469,60.79999923706055,16447900
2019-09-27,60.97999954223633,61.650001525878906,59.93000030517578,60.75,10698900
2019-09-30,60.959999084472656,62.279998779296875,60.849998474121094,61.95000076293945,7317400
2019-10-01,62.29999923706055,62.9900016784668,61.04999923706055,61.630001068115234,7549200
2019-10-02,61.22999954223633,61.22999954223633,58.86000061035156,60.08000183105469,8834100
2019-10-03,59.47999954223633,62.439998626708984,59.060001373291016,62.04999923706055,8082800
2019-10-04,62.5099983215332,62.91999816894531,61.439998626708984,62.650001525878906,5073400
2019-10-07,62.2400016784668,62.849998474121094,61.689998626708984,62.25,4115000
2019-10-08,61.849998474121094,62.189998626708984,60.630001068115234,60.79999923706055,4664600
2019-10-09,61.43000030517578,62.52000045776367,61.27000045776367,62.220001220703125,4088100
2019-10-10,62.25,62.630001068115234,61.560001373291016,62.029998779296875,4440600
2019-10-11,62.7599983215332,63.560001373291016,61.470001220703125,61.540000915527344,9084300
2019-10-14,61.52000045776367,62.290000915527344,61.400001525878906,61.83000183105469,3660100
2019-10-15,62.220001220703125,64.48999786376953,62.220001220703125,64.29000091552734,6189700
2019-10-16,63.81999969482422,63.880001068115234,62.560001373291016,63.0,4187300
2019-10-17,63.02000045776367,64.55000305175781,63.02000045776367,63.400001525878906,5565000
2019-10-18,63.16999816894531,63.43899917602539,59.78300094604492,60.45000076293945,7905500
2019-10-21,60.70000076293945,61.47999954223633,59.83000183105469,61.150001525878906,5468700
2019-10-22,61.279998779296875,61.4900016784668,58.54999923706055,58.83000183105469,7093700
2019-10-23,58.900001525878906,59.689998626708984,57.619998931884766,58.36000061035156,7628800
2019-10-24,59.619998931884766,61.77000045776367,59.59000015258789,61.720001220703125,7998100
2019-10-25,61.47999954223633,63.25,61.11000061035156,62.88999938964844,5189300
2019-10-28,62.81999969482422,63.43000030517578,61.90999984741211,62.79999923706055,7171200
2019-10-29,62.79999923706055,63.617000579833984,62.380001068115234,62.40999984741211,4030900
2019-10-30,62.5099983215332,62.72999954223633,61.474998474121094,62.15999984741211,4832800
2019-10-31,62.0,62.650001525878906,60.900001525878906,61.43000030517578,4416100
2019-11-01,61.56999969482422,62.81399917602539,61.459999084472656,62.599998474121094,6184900
2019-11-04,63.29999923706055,63.83000183105469,62.36000061035156,62.380001068115234,6046700
2019-11-05,62.5,62.54999923706055,59.90999984741211,61.060001373291016,8552000
2019-11-06,61.33000183105469,61.93000030517578,60.577999114990234,61.34000015258789,12855600
2019-11-07,61.90999984741211,66.5999984741211,60.540000915527344,64.41000366210938,25984000
2019-11-08,63.18000030517578,63.45100021362305,61.33000183105469,62.45000076293945,11629500
2019-11-11,61.880001068115234,64.8949966430664,61.880001068115234,63.790000915527344,12711100
2019-11-12,63.880001068115234,63.9900016784668,60.81999969482422,61.540000915527344,11296300
2019-11-13,61.29999923706055,62.13999938964844,60.849998474121094,61.5099983215332,5509200
2019-11-14,61.650001525878906,63.0,61.349998474121094,62.9900016784668,7406800
2019-11-15,63.20000076293945,64.72000122070312,63.099998474121094,64.69999694824219,7791800
2019-11-18,64.5,66.37999725341797,64.2300033569336,65.73999786376953,7409100
2019-11-19,65.69999694824219,66.5,65.13999938964844,66.37000274658203,6884200
2019-11-20,66.36000061035156,67.75,66.0199966430664,67.16999816894531,9595800
2019-11-21,67.16999816894531,67.66999816894531,66.27999877929688,67.41999816894531,7864400
2019-11-22,67.48999786376953,68.06999969482422,67.03500366210938,67.75,5804200
2019-11-25,68.31999969482422,69.52999877929688,68.08999633789062,68.25,9599300
2019-11-26,69.12999725341797,69.44000244140625,67.93000030517578,68.94000244140625,9981100
2019-11-27,68.94000244140625,69.7300033569336,68.4000015258789,69.6500015258789,4412900
2019-11-29,69.33999633789062,69.5999984741211,68.94000244140625,69.12000274658203,2478400
2019-12-02,68.94999694824219,68.95999908447266,66.11000061035156,66.87999725341797,6758200
2019-12-03,65.30000305175781,67.33000183105469,64.68000030517578,67.04000091552734,4432700
2019-12-04,67.47000122070312,68.43000030517578,67.19000244140625,67.77999877929688,3715100
2019-12-05,67.58999633789062,67.88999938964844,66.66000366210938,67.13999938964844,4265000
2019-12-06,67.66999816894531,68.322998046875,67.61000061035156,67.9800033569336,4058400
2019-12-09,67.77999877929688,68.05999755859375,66.72000122070312,67.05999755859375,4335100
2019-12-10,67.30000305175781,67.43000030517578,65.41999816894531,65.83999633789062,6047200
2019-12-11,65.9000015258789,66.06999969482422,64.875,65.75,6518000
2019-12-12,65.6500015258789,66.19999694824219,65.08999633789062,65.86000061035156,4827300
2019-12-13,66.0199966430664,66.33999633789062,64.48500061035156,64.80000305175781,7047500
2019-12-16,65.0,67.30000305175781,65.0,66.52999877929688,6325600
2019-12-17,66.52999877929688,66.55000305175781,65.12000274658203,65.55000305175781,4937700
2019-12-18,65.91000366210938,66.30000305175781,65.0999984741211,65.13999938964844,3992400
2019-12-19,64.9000015258789,65.56999969482422,64.12000274658203,64.55000305175781,6120700
2019-12-20,64.56999969482422,65.12999725341797,63.540000915527344,63.630001068115234,6258500
2019-12-23,63.52000045776367,64.22000122070312,62.67499923706055,62.79999923706055,5402500
2019-12-24,62.79999923706055,64.0199966430664,62.369998931884766,63.959999084472656,3538700
2019-12-26,64.08000183105469,64.91500091552734,63.72999954223633,64.02999877929688,4246100
2019-12-27,64.33000183105469,64.4000015258789,63.060001373291016,63.79999923706055,4308500
2019-12-30,63.5,63.7599983215332,61.54999923706055,61.79999923706055,6501900
2019-12-31,61.150001525878906,62.70000076293945,61.0,62.560001373291016,5339600
2020-01-02,62.9900016784668,64.05000305175781,62.95000076293945,63.83000183105469,5264700
2020-01-03,62.59000015258789,63.27000045776367,62.33000183105469,63.0,5087100
2020-01-06,61.36000061035156,62.58000183105469,61.130001068115234,62.56999969482422,5905200
2020-01-07,64.56999969482422,65.48999786376953,63.65999984741211,64.58999633789062,10368200
2020-01-08,64.55999755859375,68.0,64.1500015258789,67.5999984741211,11899200
2020-01-09,68.22000122070312,68.30999755859375,66.69999694824219,67.93000030517578,8739100
2020-01-10,68.45999908447266,69.51000213623047,67.88999938964844,67.98999786376953,6704900
2020-01-13,68.23999786376953,69.05000305175781,67.81999969482422,68.66000366210938,9763800
2020-01-14,68.98999786376953,69.27999877929688,68.0999984741211,68.16999816894531,6076400
2020-01-15,68.54000091552734,71.0,68.5,70.36000061035156,9214600
2020-01-16,70.94999694824219,71.0,69.19000244140625,69.5199966430664,6066600
2020-01-17,69.83999633789062,70.30000305175781,69.19000244140625,69.37999725341797,4960200
2020-01-21,69.19999694824219,69.62000274658203,68.30999755859375,68.30999755859375,4912900
2020-01-22,68.91999816894531,70.0469970703125,68.69000244140625,68.69000244140625,4916500
2020-01-23,68.86000061035156,69.44000244140625,67.55000305175781,69.29000091552734,4552700
2020-01-24,70.62999725341797,71.91999816894531,70.0199966430664,71.13999938964844,10976700
2020-01-27,68.38999938964844,72.44999694824219,68.33999633789062,71.05000305175781,11085100
2020-01-28,71.47000122070312,74.9800033569336,71.02999877929688,74.80000305175781,15597200
2020-01-29,74.5,77.06999969482422,74.23999786376953,76.16000366210938,11946800
2020-01-30,75.41999816894531,76.38999938964844,74.05999755859375,76.0999984741211,8730000
2020-01-31,75.80000305175781,76.37999725341797,74.33000183105469,74.69000244140625,7514200
2020-02-03,74.88999938964844,79.80500030517578,74.5999984741211,79.80000305175781,15181900
2020-02-04,79.9000015258789,81.68000030517578,79.25,80.9000015258789,10405800
2020-02-05,81.9800033569336,82.0999984741211,77.83999633789062,78.25,10671600
2020-02-06,78.66000366210938,79.19999694824219,77.8219985961914,78.51000213623047,6172300
2020-02-07,77.80000305175781,80.0,77.33999633789062,78.86000061035156,4650600
2020-02-10,79.5999984741211,80.62000274658203,78.9000015258789,80.16999816894531,4150200
2020-02-11,80.55999755859375,81.44999694824219,79.61000061035156,79.87999725341797,3972800
2020-02-12,80.01000213623047,80.90599822998047,79.61000061035156,80.0,3574900
2020-02-13,79.30000305175781,82.54000091552734,79.08000183105469,80.98999786376953,6872100
2020-02-14,81.38999938964844,82.58999633789062,81.01000213623047,81.86000061035156,5073200
2020-02-18,81.68000030517578,82.9800033569336,81.35099792480469,82.41999816894531,4723800
2020-02-19,83.01000213623047,86.4800033569336,82.93000030517578,85.23999786376953,9115000
2020-02-20,85.2300033569336,87.25,80.30000305175781,85.69999694824219,12070000
2020-02-21,85.62999725341797,86.20999908447266,82.7249984741211,83.48999786376953,7739700
2020-02-24,76.56999969482422,80.84500122070312,76.06999969482422,80.20999908447266,11071500
2020-02-25,80.73999786376953,81.4000015258789,75.79000091552734,77.05000305175781,9425300
2020-02-26,77.68000030517578,79.0780029296875,76.0,76.58999633789062,11164000
2020-02-27,81.38999938964844,85.93499755859375,79.05000305175781,79.30999755859375,35935000
2020-02-28,76.44000244140625,84.1500015258789,76.41999816894531,83.33000183105469,23461400
2020-03-02,82.80000305175781,84.41999816894531,79.56999969482422,80.66999816894531,17800000
2020-03-03,80.48999786376953,80.5999984741211,75.80999755859375,78.83999633789062,18049700
2020-03-04,78.3499984741211,79.48999786376953,75.81999969482422,79.26000213623047,13374600
2020-03-05,77.77999877929688,79.0199966430664,75.66000366210938,76.31999969482422,11269400
2020-03-06,75.02999877929688,75.94000244140625,70.2699966430664,73.08999633789062,16409400
2020-03-09,67.20999908447266,67.41000366210938,63.33000183105469,65.7300033569336,16418400
2020-03-10,68.31999969482422,68.55999755859375,63.369998931884766,67.23999786376953,11806900
2020-03-11,66.3499984741211,66.3499984741211,60.81999969482422,62.439998626708984,13618700
2020-03-12,55.0,58.04499816894531,52.970001220703125,53.56999969482422,19529200
2020-03-13,56.7400016784668,57.790000915527344,52.310001373291016,57.77000045776367,14666100
2020-03-16,49.25,49.25,40.0,41.27000045776367,27721300
2020-03-17,43.790000915527344,45.29199981689453,39.0,44.72999954223633,22695600
2020-03-18,41.029998779296875,42.08100128173828,32.33000183105469,39.5,27154600
2020-03-19,40.18000030517578,47.41999816894531,37.0,40.0,24555600
2020-03-20,41.849998474121094,43.84000015258789,37.79999923706055,38.09000015258789,26896800
2020-03-23,38.470001220703125,40.54999923706055,36.11000061035156,40.0099983215332,21783400
2020-03-24,43.5,48.880001068115234,42.560001373291016,46.310001373291016,26174700
2020-03-25,50.290000915527344,58.099998474121094,49.529998779296875,52.38999938964844,34929300
2020-03-26,53.790000915527344,59.25,53.779998779296875,56.029998779296875,23610400
2020-03-27,54.0,54.41699981689453,51.47999954223633,53.34000015258789,14655600
2020-03-30,52.900001525878906,55.439998626708984,51.529998779296875,55.0,12054300
2020-03-31,54.689998626708984,55.2400016784668,51.1349983215332,52.380001068115234,18349400
2020-04-01,49.779998779296875,50.0099983215332,46.04999923706055,46.810001373291016,16596400
2020-04-02,46.33000183105469,48.029998779296875,45.0,45.880001068115234,12871500
2020-04-03,46.02000045776367,46.68000030517578,42.33000183105469,43.720001220703125,18748600
2020-04-06,47.220001220703125,51.099998474121094,46.189998626708984,50.41999816894531,25521700
2020-04-07,54.779998779296875,54.90999984741211,49.70000076293945,50.310001373291016,17105000
2020-04-08,51.810001373291016,57.75,51.810001373291016,57.040000915527344,24785100
2020-04-09,58.880001068115234,64.94000244140625,58.5,59.209999084472656,30870900
2020-04-13,60.099998474121094,60.099998474121094,56.119998931884766,59.41999816894531,15199500
2020-04-14,60.02000045776367,62.61000061035156,59.6150016784668,62.40999984741211,17905500
2020-04-15,59.66999816894531,61.7599983215332,59.33000183105469,61.380001068115234,12468800
2020-04-16,58.099998474121094,59.29999923706055,56.630001068115234,57.31999969482422,19879200
2020-04-17,59.5,61.439998626708984,58.70000076293945,61.09000015258789,14044800
2020-04-20,59.439998626708984,63.59000015258789,59.150001525878906,61.060001373291016,14342400
2020-04-21,60.0,60.439998626708984,56.86000061035156,57.400001525878906,15333900
2020-04-22,59.349998474121094,61.25,58.0099983215332,60.959999084472656,13444900
2020-04-23,61.310001373291016,63.5,60.92100143432617,61.81999969482422,13098800
2020-04-24,62.22999954223633,62.560001373291016,61.040000915527344,62.0099983215332,9625000
2020-04-27,63.61000061035156,64.23999786376953,61.810001373291016,63.54999923706055,10241700
2020-04-28,64.16999816894531,65.0250015258789,60.900001525878906,61.75,11852100
2020-04-29,63.439998626708984,66.72000122070312,63.38999938964844,65.7699966430664,14387300
2020-04-30,65.0,66.88999938964844,64.72000122070312,65.13999938964844,10525900
2020-05-01,62.84000015258789,63.90999984741211,61.439998626708984,63.0,10042400
2020-05-04,61.34000015258789,64.16999816894531,61.09000015258789,63.689998626708984,7556900
2020-05-05,66.0,68.58999633789062,65.20999908447266,66.69000244140625,12011500
2020-05-06,67.31999969482422,69.80999755859375,67.12000274658203,68.0999984741211,16202900
2020-05-07,69.86000061035156,76.80000305175781,69.58000183105469,74.62000274658203,31027000
2020-05-08,72.04000091552734,76.4000015258789,72.0,76.05000305175781,20030600
2020-05-11,75.69999694824219,75.90299987792969,74.36000061035156,74.9000015258789,12720600
2020-05-12,76.0,77.38999938964844,74.30999755859375,75.20999908447266,17015500
2020-05-13,75.31999969482422,75.80000305175781,70.81999969482422,73.79000091552734,13970100
2020-05-14,72.16999816894531,78.25,71.06999969482422,78.19999694824219,16038900
2020-05-15,77.75,81.12999725341797,76.6500015258789,80.26000213623047,16312000
2020-05-18,78.69999694824219,81.3499984741211,76.44000244140625,76.62999725341797,16215500
2020-05-19,76.44999694824219,82.13999938964844,76.25,79.25,14225500
2020-05-20,81.5,83.0999984741211,80.5199966430664,82.04000091552734,10152200
2020-05-21,79.5,81.69999694824219,78.76000213623047,81.48999786376953,10082100
2020-05-22,81.2300033569336,82.48999786376953,80.83000183105469,81.48999786376953,6262000
2020-05-26,83.9800033569336,84.08999633789062,80.5,80.79000091552734,9682800
2020-05-27,80.04000091552734,81.13999938964844,76.0199966430664,81.0199966430664,11637100
2020-05-28,81.0199966430664,82.31999969482422,79.0,79.62000274658203,9939400
2020-05-29,79.7300033569336,81.94999694824219,79.33999633789062,81.08000183105469,8325500
2020-06-01,81.0,83.41999816894531,80.12000274658203,82.72000122070312,8709700
2020-06-02,82.95999908447266,88.2699966430664,82.37999725341797,88.0,18364200
2020-06-03,88.0,92.55000305175781,87.08999633789062,91.97000122070312,17089200
2020-06-04,90.95999908447266,92.95999908447266,86.19000244140625,87.72000122070312,13368100
2020-06-05,90.0,91.44999694824219,88.06700134277344,89.93000030517578,11127700
2020-06-08,90.5,91.2300033569336,88.02999877929688,89.62000274658203,8751100
2020-06-09,89.0199966430664,91.65399932861328,87.87000274658203,89.52999877929688,7749000
2020-06-10,90.26000213623047,92.97000122070312,89.5,91.91000366210938,9486700
2020-06-11,87.75,90.0,85.7699966430664,86.08999633789062,14754700
2020-06-12,89.0199966430664,89.18000030517578,84.25,86.72000122070312,9937300
2020-06-15,84.79000091552734,91.30000305175781,84.05999755859375,91.0,9813000
2020-06-16,93.06999969482422,95.86799621582031,92.55999755859375,94.73999786376953,13026400
2020-06-17,94.77999877929688,100.0,94.69999694824219,97.02999877929688,17113700
2020-06-18,97.0,98.6500015258789,95.81999969482422,98.2699966430664,8766900
2020-06-19,100.0999984741211,102.26000213623047,97.91999816894531,97.9800033569336,13879800
2020-06-22,99.73999786376953,105.45999908447266,99.25,104.22000122070312,17117000
2020-06-23,105.0,106.36000061035156,103.05000305175781,104.75,14042800
2020-06-24,104.0,105.7490005493164,98.93000030517578,100.87999725341797,13250400
2020-06-25,102.45999908447266,106.1500015258789,101.28600311279297,104.77999877929688,13569800
2020-06-26,105.02999877929688,107.83999633789062,102.51799774169922,104.30000305175781,19759100
2020-06-29,105.1500015258789,105.27999877929688,101.22000122070312,103.68000030517578,9210800
2020-06-30,103.5,105.30000305175781,102.88800048828125,104.94000244140625,7605100
2020-07-01,106.91999816894531,117.12999725341797,106.54000091552734,115.9000015258789,22480900
2020-07-02,118.0,118.77999877929688,113.2300033569336,113.38999938964844,15066300
2020-07-06,118.79000091552734,128.36000061035156,118.02999877929688,118.97000122070312,34424000
2020-07-07,121.19999694824219,129.83999633789062,120.02999877929688,125.5999984741211,28573900
2020-07-08,127.19999694824219,133.42999267578125,127.0,133.35000610351562,25627400
2020-07-09,132.5399932861328,133.80999755859375,127.66999816894531,129.38999938964844,21959300
2020-07-10,128.38999938964844,129.60000610351562,125.25499725341797,128.0500030517578,11260800
2020-07-13,131.0500030517578,133.24000549316406,116.66999816894531,118.6500015258789,18489500
2020-07-14,118.58999633789062,121.85399627685547,111.13999938964844,121.23999786376953,17175100
2020-07-15,124.01000213623047,124.4800033569336,117.66000366210938,122.19999694824219,9606900
2020-07-16,119.94000244140625,123.30000305175781,117.55000305175781,119.94999694824219,11827600
2020-07-17,120.9800033569336,122.37999725341797,118.58999633789062,120.7300033569336,6961700
2020-07-20,121.26000213623047,129.4600067138672,120.52999877929688,128.38999938964844,12424000
2020-07-21,129.9499969482422,130.8000030517578,125.06999969482422,126.98999786376953,10777800
2020-07-22,127.48999786376953,131.7100067138672,127.05999755859375,129.17999267578125,8437500
2020-07-23,127.73999786376953,129.8489990234375,121.31999969482422,122.93000030517578,11010200
2020-07-24,119.88999938964844,122.91000366210938,117.0,121.41000366210938,8060000
2020-07-27,124.62000274658203,126.7699966430664,122.33999633789062,125.75,9685700
2020-07-28,125.19999694824219,127.52999877929688,123.31999969482422,123.51000213623047,7126100
2020-07-29,125.13999938964844,128.9499969482422,124.9000015258789,128.5500030517578,8693400
2020-07-30,128.5399932861328,131.3699951171875,125.33000183105469,129.1300048828125,10192300
2020-07-31,131.33999633789062,131.89999389648438,127.36000061035156,129.85000610351562,8599700
2020-08-03,130.25999450683594,136.13499450683594,130.25999450683594,134.8000030517578,11472600
2020-08-04,135.8800048828125,137.8000030517578,133.60000610351562,136.8300018310547,10870300
2020-08-05,153.16000366210938,158.42999267578125,146.1999969482422,146.5500030517578,39507000
2020-08-06,149.75999450683594,155.88999938964844,149.1199951171875,154.0,19352800
2020-08-07,151.50999450683594,153.83999633789062,143.35000610351562,147.22000122070312,15577300
2020-08-10,147.52999877929688,147.82000732421875,138.66000366210938,139.33999633789062,13066300
2020-08-11,137.94000244140625,142.947998046875,135.02999877929688,138.25,13157100
2020-08-12,140.00999450683594,143.4199981689453,137.69000244140625,139.02000427246094,10596900
2020-08-13,140.89999389648438,145.50999450683594,140.1999969482422,143.19000244140625,9835000
2020-08-14,143.88999938964844,144.0,139.72999572753906,141.9600067138672,6654700
2020-08-17,144.49000549316406,153.67999267578125,143.17999267578125,152.47999572753906,13280500
2020-08-18,151.97000122070312,153.19000244140625,147.41200256347656,151.0399932861328,8523400
2020-08-19,151.22000122070312,152.35499572753906,148.55999755859375,150.3699951171875,6539900
2020-08-20,150.1699981689453,158.10000610351562,149.82000732421875,155.86000061035156,12428100
2020-08-21,156.39999389648438,159.47000122070312,153.1199951171875,155.10000610351562,8630500
2020-08-24,159.0,159.0,150.97999572753906,151.7899932861328,8807700
2020-08-25,151.8000030517578,155.74000549316406,149.0,155.0,6429400
2020-08-26,156.08999633789062,158.69000244140625,151.72999572753906,153.74000549316406,7689900
2020-08-27,156.8699951171875,161.5399932861328,155.5,155.61000061035156,11617200
2020-08-28,159.14999389648438,159.14999389648438,154.05999755859375,155.92999267578125,6292000
2020-08-31,157.0,160.77499389648438,156.02000427246094,159.55999755859375,7630200
2020-09-01,164.80999755859375,170.4600067138672,162.0,166.66000366210938,12306400
2020-09-02,170.60000610351562,170.61000061035156,158.11000061035156,162.8800048828125,11214800
2020-09-03,157.0,157.22999572753906,149.50999450683594,152.86000061035156,16421200
2020-09-04,149.6300048828125,152.22000122070312,134.0,146.38999938964844,17995200
2020-09-08,137.00999450683594,146.13999938964844,136.88999938964844,139.11000061035156,10681400
2020-09-09,145.64999389648438,145.64999389648438,139.25,144.2100067138672,9463600
2020-09-10,147.02000427246094,148.5449981689453,139.82000732421875,141.07000732421875,6711500
2020-09-11,143.91000366210938,143.91000366210938,134.25999450683594,137.4499969482422,8428400
2020-09-14,140.07000732421875,145.39999389648438,138.80999755859375,144.39999389648438,7754800
2020-09-15,146.1300048828125,158.5,146.1300048828125,154.5,18550000
2020-09-16,155.1999969482422,159.0,149.8800048828125,151.0500030517578,10200500
2020-09-17,146.27000427246094,147.69000244140625,142.24000549316406,145.63999938964844,11972200
2020-09-18,147.3699951171875,149.1300048828125,141.63999938964844,145.00999450683594,8886600
2020-09-21,140.4199981689453,151.97999572753906,139.30999755859375,151.1199951171875,12662700
2020-09-22,152.82000732421875,156.33999633789062,148.58999633789062,155.58999633789062,11189700
2020-09-23,155.8699951171875,157.97999572753906,147.8000030517578,149.58999633789062,8867000
2020-09-24,151.00999450683594,155.92300415039062,148.0,152.30999755859375,13213900
2020-09-25,153.05999755859375,158.97999572753906,151.75100708007812,157.72000122070312,8782800
2020-09-28,160.49000549316406,164.5,158.22999572753906,160.75999450683594,10287100
2020-09-29,164.0,167.55999755859375,163.1300048828125,164.80999755859375,12079900
2020-09-30,164.47000122070312,166.19000244140625,161.22999572753906,162.5500030517578,6561200
2020-10-01,166.13999938964844,168.61000061035156,164.5800018310547,168.49000549316406,6723500
2020-10-02,164.0500030517578,171.24000549316406,163.80099487304688,169.61000061035156,11160200
2020-10-05,172.42999267578125,181.88999938964844,171.5,180.9199981689453,16666700
2020-10-06,180.1300048828125,182.24000549316406,172.61000061035156,175.33999633789062,12544000
2020-10-07,180.61000061035156,182.75,179.02000427246094,180.17999267578125,7119300
2020-10-08,183.17999267578125,185.3699951171875,181.72000122070312,183.5,7133400
2020-10-09,185.1199951171875,188.74000549316406,183.72999572753906,187.27999877929688,6719700
2020-10-12,190.67999267578125,191.94000244140625,184.25999450683594,185.1699981689453,7964700
2020-10-13,186.80999755859375,191.36000061035156,186.0,190.47000122070312,6399900
2020-10-14,191.58999633789062,193.44000244140625,185.11000061035156,187.49000549316406,6165800
2020-10-15,182.60000610351562,188.67999267578125,181.1999969482422,188.60000610351562,6810100
2020-10-16,191.67999267578125,192.83999633789062,184.6999969482422,186.35000610351562,5292800
2020-10-19,188.11000061035156,191.39999389648438,185.91000366210938,186.9600067138672,5454000
2020-10-20,188.10000610351562,189.6999969482422,184.3300018310547,185.74000549316406,4876000
2020-10-21,183.5500030517578,184.74000549316406,175.58999633789062,177.82000732421875,10477200
2020-10-22,178.5,181.97999572753906,173.61000061035156,175.92999267578125,6681600
2020-10-23,177.5,177.7899932861328,173.33999633789062,176.77000427246094,4167600
2020-10-26,175.00999450683594,176.86000061035156,166.77000427246094,169.88999938964844,6489400
2020-10-27,175.30999755859375,176.25999450683594,169.25999450683594,171.02000427246094,6937600
2020-10-28,166.58999633789062,168.94000244140625,164.4499969482422,167.1300048828125,5420300
2020-10-29,170.0800018310547,172.0800018310547,168.11000061035156,169.86000061035156,4431800
2020-10-30,166.49000549316406,167.39700317382812,152.42999267578125,154.8800048828125,14936400
2020-11-02,158.0,161.24000549316406,152.10000610351562,155.22999572753906,8753600
2020-11-03,153.22000122070312,161.0500030517578,151.10000610351562,158.2100067138672,8001400
2020-11-04,166.3800048828125,171.36000061035156,162.14999389648438,171.2899932861328,7760600
2020-11-05,177.10000610351562,177.2899932861328,172.64999389648438,175.22999572753906,15519700
2020-11-06,185.24000549316406,201.3300018310547,182.99000549316406,198.0800018310547,27088300
2020-11-09,191.30499267578125,197.0,181.8300018310547,184.0800018310547,14986000
2020-11-10,182.3699951171875,183.4600067138672,167.11000061035156,172.0,14840000
2020-11-11,179.64999389648438,184.0,177.6999969482422,183.4199981689453,9040800
2020-11-12,184.25999450683594,185.19000244140625,177.0,178.50999450683594,9138900
2020-11-13,180.60000610351562,180.89999389648438,175.5,177.19000244140625,6955400
2020-11-16,175.8300018310547,179.22000122070312,173.00999450683594,179.16000366210938,7428200
2020-11-17,180.1199951171875,190.74000549316406,180.1199951171875,187.89999389648438,11140700
2020-11-18,187.49000549316406,187.5,182.27000427246094,185.5399932861328,5627300
2020-11-19,190.77999877929688,194.00999450683594,185.74000549316406,191.66000366210938,12280100
2020-11-20,193.69000244140625,200.99000549316406,191.5500030517578,195.97000122070312,10935100
2020-11-23,200.11000061035156,209.36000061035156,199.27000427246094,207.77999877929688,12509600
2020-11-24,208.0,208.0399932861328,199.5500030517578,202.89999389648438,12288900
2020-11-25,207.4499969482422,214.52000427246094,204.57000732421875,212.9199981689453,12948100
2020-11-27,215.0,215.0,205.89999389648438,212.52000427246094,6526000
2020-11-30,213.0,213.5399932861328,200.22999572753906,210.9600067138672,14091100
2020-12-01,212.55999755859375,212.9499969482422,200.5,203.0,10795900
2020-12-02,200.1300048828125,204.05999755859375,195.1300048828125,202.0,10483700
2020-12-03,207.0,208.69000244140625,204.0500030517578,205.52999877929688,6918200
2020-12-04,206.2899932861328,209.75,203.5800018310547,208.14999389648438,6566200
2020-12-07,209.7899932861328,213.66200256347656,208.25,212.5800018310547,5895300
2020-12-08,213.3300018310547,213.89999389648438,208.25,213.00999450683594,5373200
2020-12-09,213.9600067138672,220.5,205.00999450683594,207.0399932861328,11133000
2020-12-10,205.38999938964844,217.61000061035156,203.57000732421875,217.25,7919200
2020-12-11,218.25999450683594,222.1999969482422,213.1699981689453,216.58999633789062,7914600
2020-12-14,218.00999450683594,220.42999267578125,214.50100708007812,215.86000061035156,7379000
2020-12-15,218.4149932861328,221.72000122070312,216.72999572753906,219.99000549316406,5713600
2020-12-16,223.86000061035156,227.9600067138672,220.02999877929688,227.0800018310547,8216500
2020-12-17,230.0,237.08999633789062,227.6999969482422,230.74000549316406,10440100
2020-12-18,235.0,236.3699951171875,231.10000610351562,235.4499969482422,8099500
2020-12-21,236.08999633789062,241.85000610351562,232.25999450683594,233.5,11155400
2020-12-22,236.5,243.3800048828125,236.0,241.5800018310547,9414200
2020-12-23,241.36000061035156,241.82000732421875,230.5800018310547,230.67999267578125,13482700
2020-12-24,234.22999572753906,236.0,225.89999389648438,228.27999877929688,8411200
2020-12-28,232.3800048828125,232.9499969482422,219.64999389648438,223.33999633789062,11640000
2020-12-29,223.8800048828125,224.58999633789062,208.80999755859375,214.0,15453100
2020-12-30,215.94000244140625,221.50999450683594,214.06700134277344,221.0399932861328,9837000
2020-12-31,217.7100067138672,219.4499969482422,214.4199981689453,217.63999938964844,6872400
2021-01-04,222.4949951171875,225.97999572753906,216.0,221.16000366210938,9838400
2021-01-05,219.4199981689453,230.33999633789062,219.0,229.75,9699400
2021-01-06,223.41000366210938,233.5,223.16099548339844,226.88999938964844,12003500
2021-01-07,232.52000427246094,240.39999389648438,231.5,239.47999572753906,10214200
2021-01-08,244.35000610351562,246.49000549316406,237.17999267578125,241.4499969482422,9102100
2021-01-11,231.61000061035156,232.74000549316406,225.3000030517578,225.5,14107500
2021-01-12,228.50999450683594,229.3300018310547,223.72000122070312,227.52000427246094,8437900
2021-01-13,228.9499969482422,234.8209991455078,226.8000030517578,230.9199981689453,7601400
2021-01-14,233.89999389648438,238.75999450683594,229.58999633789062,232.7899932861328,6706500
2021-01-15,233.6300048828125,236.42999267578125,225.5800018310547,227.75,7049200
2021-01-19,231.07000732421875,231.58999633789062,223.25,227.25999450683594,6505600
2021-01-20,230.1199951171875,230.8800048828125,225.5,226.64999389648438,6012400
2021-01-21,227.0,227.5,218.1999969482422,219.6199951171875,10472400
2021-01-22,219.0,222.91000366210938,217.7100067138672,222.8800048828125,6867500
2021-01-25,225.0,225.94000244140625,209.75,216.63999938964844,11328100
2021-01-26,217.08999633789062,219.0,208.7100067138672,209.1699981689453,10039500
2021-01-27,204.00999450683594,209.35000610351562,197.6999969482422,202.4600067138672,10892700
2021-01-28,208.72000122070312,222.5800018310547,206.55999755859375,219.91000366210938,12500800
2021-01-29,224.97000122070312,225.89999389648438,212.5800018310547,215.9600067138672,9383900
2021-02-01,215.80999755859375,223.00999450683594,213.44000244140625,221.94000244140625,7849300
2021-02-02,225.19000244140625,230.22000122070312,221.99000549316406,227.6300048828125,6545300
2021-02-03,228.5,234.57000732421875,221.8800048828125,227.94000244140625,5193400
2021-02-04,233.52999877929688,239.30999755859375,231.07000732421875,237.72000122070312,8893400
2021-02-05,238.0,240.57000732421875,235.27000427246094,240.3800048828125,5090800
2021-02-08,245.0800018310547,264.2669982910156,244.0,259.9700012207031,17114900
2021-02-09,256.5799865722656,262.57000732421875,250.5500030517578,258.1199951171875,10815100
2021-02-10,259.7699890136719,263.1499938964844,252.75,257.489990234375,8644600
2021-02-11,262.0,269.6650085449219,258.5,265.92999267578125,10214100
2021-02-12,265.1499938964844,273.8399963378906,262.531005859375,272.75,6780800
2021-02-16,277.1199951171875,283.19000244140625,272.32000732421875,276.0199890136719,9193600
2021-02-17,274.3699951171875,274.4700012207031,260.760009765625,270.94000244140625,11094300
2021-02-18,265.489990234375,272.7900085449219,261.8529968261719,270.8500061035156,7236400
2021-02-19,275.1199951171875,280.9389953613281,273.5899963378906,276.57000732421875,7373400
2021-02-22,271.8500061035156,278.1000061035156,266.3599853515625,268.0799865722656,9740400
2021-02-23,247.5500030517578,261.29998779296875,232.5,256.5899963378906,18971900
2021-02-24,243.11000061035156,246.0,230.67999267578125,237.32000732421875,26123100
2021-02-25,244.8699951171875,245.83999633789062,223.66000366210938,227.11000061035156,15916300
2021-02-26,226.32000732421875,232.77999877929688,217.39999389648438,230.02999877929688,14913800
2021-03-01,238.11000061035156,241.718994140625,232.10000610351562,241.0,8989200
2021-03-02,251.89999389648438,258.489990234375,246.47000122070312,252.1999969482422,17345800
2021-03-03,249.0,250.9499969482422,232.00599670410156,234.1999969482422,12151700
2021-03-04,228.75999450683594,232.6300048828125,210.0,218.41000366210938,18496000
2021-03-05,221.27000427246094,222.00999450683594,191.36000061035156,216.44000244140625,24773600
2021-03-08,217.7100067138672,221.6300048828125,201.0,201.8699951171875,13488100
2021-03-09,215.3699951171875,226.49000549316406,211.5,225.08999633789062,14495500
2021-03-10,231.61000061035156,237.9199981689453,223.2050018310547,226.72999572753906,12973100
2021-03-11,234.97000122070312,243.49000549316406,231.00999450683594,241.72000122070312,11728000
2021-03-12,232.0,242.22000122070312,230.0500030517578,242.11000061035156,8850100
2021-03-15,243.52000427246094,251.25999450683594,239.61700439453125,251.22999572753906,8867200
2021-03-16,252.25999450683594,252.5,238.6699981689453,243.36000061035156,7491600
2021-03-17,235.0,248.67999267578125,232.75,246.47000122070312,10154000
2021-03-18,242.8000030517578,243.39999389648438,222.55999755859375,224.3000030517578,12435000
2021-03-19,227.19000244140625,229.39999389648438,219.52000427246094,224.83999633789062,10480800
2021-03-22,225.24000549316406,230.17999267578125,221.74000549316406,226.1300048828125,6386100
2021-03-23,226.38999938964844,228.3800048828125,221.49000549316406,223.1999969482422,5591500
2021-03-24,224.3000030517578,225.89999389648438,212.15499877929688,213.50999450683594,9262500
2021-03-25,204.60000610351562,211.9600067138672,202.10000610351562,208.47000122070312,12878900
2021-03-26,209.32000732421875,216.7899932861328,203.9600067138672,213.60000610351562,9196200
2021-03-29,212.0,214.38999938964844,202.92999267578125,207.17999267578125,9695800
2021-03-30,204.49000549316406,214.3000030517578,202.8300018310547,212.8300018310547,9735700
2021-03-31,218.41000366210938,232.75999450683594,218.41000366210938,227.0500030517578,14453700
2021-04-01,231.25999450683594,236.4600067138672,227.57000732421875,229.50999450683594,9260800
2021-04-05,231.6199951171875,233.32000732421875,224.10000610351562,229.9499969482422,7535000
2021-04-06,230.49000549316406,238.5,228.0800018310547,236.5,8768500
2021-04-07,237.50999450683594,249.89999389648438,236.0,245.1199951171875,17012200
2021-04-08,248.8300018310547,258.5899963378906,248.82000732421875,258.3699951171875,15728200
2021-04-09,255.88999938964844,265.29998779296875,253.67999267578125,261.6499938964844,14969000
2021-04-12,258.19000244140625,266.9599914550781,255.85000610351562,265.20001220703125,9051300
2021-04-13,267.4800109863281,275.45001220703125,266.8999938964844,273.2300109863281,10561700
2021-04-14,274.1300048828125,278.1300048828125,256.57501220703125,258.3999938964844,12486400
2021-04-15,262.8500061035156,268.41400146484375,260.739990234375,263.0799865722656,8944400
2021-04-16,263.239990234375,263.44000244140625,254.66900634765625,256.1000061035156,8549300
2021-04-19,250.22000122070312,253.3000030517578,242.5800018310547,245.3300018310547,10735500
2021-04-20,247.58999633789062,253.0,243.67999267578125,245.5,12580000
2021-04-21,243.11000061035156,251.48199462890625,240.33999633789062,245.25,9965200
2021-04-22,246.4600067138672,255.80499267578125,242.7100067138672,245.11000061035156,12730800
2021-04-23,243.38999938964844,247.57000732421875,240.33999633789062,246.42999267578125,8459800
2021-04-26,248.27000427246094,256.9700012207031,246.3000030517578,255.77000427246094,8494400
2021-04-27,256.9599914550781,260.80999755859375,253.39999389648438,253.7899932861328,6791500
2021-04-28,253.0,258.9700012207031,249.39999389648438,254.1999969482422,6140700
2021-04-29,257.3580017089844,259.8800048828125,245.00999450683594,247.75999450683594,6592800
2021-04-30,244.24000549316406,249.9600067138672,243.38999938964844,244.82000732421875,6188300
2021-05-03,246.60000610351562,249.41900634765625,241.7899932861328,243.67999267578125,5268800
2021-05-04,238.8300018310547,240.19000244140625,228.61900329589844,231.19000244140625,9123600
2021-05-05,237.5,240.1999969482422,229.8000030517578,231.8699951171875,6661000
2021-05-06,235.2100067138672,235.35000610351562,216.6999969482422,223.9600067138672,14759100
2021-05-07,240.08999633789062,241.69900512695312,231.1790008544922,233.35000610351562,14836300
2021-05-10,229.6199951171875,230.0,216.00999450683594,216.42999267578125,13256900
2021-05-11,205.88999938964844,221.77999877929688,205.69000244140625,220.64999389648438,13676100
2021-05-12,215.3000030517578,218.75999450683594,205.60000610351562,206.6699981689453,11778300
2021-05-13,208.1999969482422,211.5,192.2899932861328,197.1300048828125,21397100
2021-05-14,200.27999877929688,208.3000030517578,198.1699981689453,207.85000610351562,11497800
2021-05-17,205.0,205.0,195.5500030517578,202.9199981689453,12133800
2021-05-18,202.5,209.72999572753906,199.72900390625,203.16000366210938,10088000
2021-05-19,193.8000030517578,200.85000610351562,192.2100067138672,200.11000061035156,16413300
2021-05-20,202.58999633789062,206.69000244140625,202.1999969482422,204.91000366210938,8336500
2021-05-21,207.0,208.89999389648438,199.6199951171875,200.00999450683594,9250300
2021-05-24,202.1699981689453,212.8000030517578,197.3000030517578,210.9499969482422,13215000
2021-05-25,212.07000732421875,219.08999633789062,211.77000427246094,216.1999969482422,14779000
2021-05-26,218.0399932861328,223.8300018310547,215.8000030517578,222.33999633789062,11914400
2021-05-27,222.3800048828125,223.38999938964844,217.66000366210938,220.89999389648438,8555700
2021-05-28,221.8800048828125,225.89999389648438,221.64999389648438,222.52000427246094,6779800
2021-06-01,223.5399932861328,227.06500244140625,218.57699584960938,221.9499969482422,6902900
2021-06-02,221.3300018310547,224.8800048828125,219.49000549316406,220.41000366210938,7147500
2021-06-03,218.8699951171875,219.94000244140625,211.25,211.42999267578125,7255700
2021-06-04,212.50999450683594,218.281005859375,211.74000549316406,213.69000244140625,8988500
2021-06-07,214.25,217.30999755859375,211.64999389648438,216.9499969482422,5770800
2021-06-08,218.0,221.41000366210938,212.2100067138672,214.1199951171875,6074000
2021-06-09,216.92999267578125,217.9459991455078,210.05999755859375,210.2100067138672,6817900
2021-06-10,211.00999450683594,217.6300048828125,209.8000030517578,217.13999938964844,7575800
2021-06-11,218.10000610351562,222.7899932861328,218.0,219.33999633789062,7533200
2021-06-14,223.0500030517578,231.4499969482422,221.63999938964844,230.9499969482422,11591700
2021-06-15,231.14999389648438,233.2100067138672,226.0,227.75,9437400
2021-06-16,226.14999389648438,229.1199951171875,220.11000061035156,225.11000061035156,9149000
2021-06-17,223.7899932861328,237.83999633789062,223.58999633789062,236.1300048828125,10830200
2021-06-18,235.02999877929688,239.9600067138672,233.0,237.0500030517578,8518300
2021-06-21,234.91000366210938,235.66000366210938,228.82000732421875,233.88999938964844,6628900
2021-06-22,232.88999938964844,236.2779998779297,229.8070068359375,235.97000122070312,6748900
2021-06-23,236.89999389648438,243.0,236.86000061035156,238.6999969482422,8165500
2021-06-24,244.3000030517578,248.89999389648438,243.00999450683594,244.14999389648438,8165700
2021-06-25,243.19000244140625,244.8699951171875,237.14999389648438,239.94000244140625,7614800
2021-06-28,241.6999969482422,247.72999572753906,241.6999969482422,246.60000610351562,7372300
2021-06-29,247.83999633789062,251.91000366210938,246.14100646972656,248.8699951171875,6186800
2021-06-30,248.0800018310547,248.7899932861328,243.33999633789062,243.8000030517578,6655500
2021-07-01,242.82000732421875,245.0500030517578,237.8000030517578,241.85000610351562,5616900
2021-07-02,243.0,245.41000366210938,239.36000061035156,241.0800018310547,4401500
2021-07-06,241.30999755859375,249.3699951171875,241.30999755859375,246.6999969482422,6252200
2021-07-07,250.0,254.77999877929688,244.30999755859375,244.63999938964844,7238300
2021-07-08,238.75,239.0,230.60000610351562,235.89999389648438,7683000
2021-07-09,239.0,241.9600067138672,235.55999755859375,241.88999938964844,5404600
2021-07-12,243.5800018310547,247.22000122070312,241.781005859375,243.35000610351562,5722700
2021-07-13,243.35000610351562,247.49000549316406,239.83999633789062,241.42999267578125,6304500
2021-07-14,244.35000610351562,246.19000244140625,238.47999572753906,239.0,6188300
2021-07-15,239.8300018310547,241.62100219726562,233.11000061035156,235.16000366210938,7143500
2021-07-16,238.6999969482422,241.77000427246094,234.39999389648438,237.52000427246094,7879900
2021-07-19,231.91000366210938,234.02000427246094,225.27999877929688,233.69000244140625,7310000
2021-07-20,234.61000061035156,247.69000244140625,232.1999969482422,246.47000122070312,8851600
2021-07-21,246.27999877929688,258.5,244.8000030517578,257.25,9068900
2021-07-22,256.92999267578125,262.5690002441406,256.5,260.5899963378906,6660100
2021-07-23,261.8500061035156,267.7699890136719,261.2799987792969,264.0,6374100
2021-07-26,264.9700012207031,265.739990234375,260.3999938964844,261.989990234375,5928300
2021-07-27,261.2799987792969,261.8599853515625,245.0570068359375,251.72999572753906,7828100
2021-07-28,254.02999877929688,259.8699951171875,250.77000427246094,258.6099853515625,4698900
2021-07-29,255.50999450683594,261.8299865722656,254.52999877929688,255.27999877929688,4713800
2021-07-30,249.27999877929688,254.36000061035156,244.35000610351562,247.25999450683594,7566500
2021-08-02,247.92999267578125,280.875,247.00999450683594,272.3800048828125,45730600
2021-08-03,270.42999267578125,274.95001220703125,261.75,269.489990234375,21445100
2021-08-04,268.0,268.3900146484375,261.0,266.4200134277344,10241400
2021-08-05,265.6000061035156,289.2300109863281,264.7699890136719,281.80999755859375,19413700
2021-08-06,279.510009765625,285.8599853515625,273.1000061035156,275.1000061035156,9490700
2021-08-09,272.989990234375,286.5199890136719,270.6300048828125,279.7300109863281,10561700
2021-08-10,280.010009765625,283.5899963378906,272.6400146484375,273.0799865722656,6694800
2021-08-11,277.760009765625,281.3399963378906,269.614990234375,271.0899963378906,8018200
2021-08-12,270.45001220703125,272.8399963378906,265.54998779296875,268.5899963378906,5208800
2021-08-13,269.95001220703125,271.9100036621094,266.4599914550781,267.8800048828125,4267500
2021-08-16,266.3500061035156,267.3800048828125,257.6000061035156,263.3999938964844,6543000
2021-08-17,260.9800109863281,264.25,257.9100036621094,260.8800048828125,5707800
2021-08-18,261.5400085449219,266.6669921875,259.0799865722656,259.6600036621094,4705100
2021-08-19,256.8399963378906,260.4800109863281,254.13999938964844,257.3500061035156,5121000
2021-08-20,257.1400146484375,263.5,257.0849914550781,263.04998779296875,4749600
2021-08-23,267.7099914550781,273.5,267.07000732421875,270.44000244140625,6071300
2021-08-24,272.3999938964844,274.18798828125,269.1300048828125,270.1700134277344,4258100
2021-08-25,269.5299987792969,270.32501220703125,266.2200012207031,267.57000732421875,3428700
2021-08-26,268.0,268.0,260.94000244140625,262.1300048828125,4314400
2021-08-27,262.0,270.4840087890625,261.614990234375,268.010009765625,4646200
2021-08-30,271.0,273.8699951171875,268.5,271.9200134277344,6348100
2021-08-31,273.5,276.1400146484375,266.260009765625,268.07000732421875,6309300
2021-09-01,269.010009765625,273.1499938964844,267.94000244140625,268.25,3942000
2021-09-02,272.3699951171875,274.3699951171875,265.4700012207031,265.94000244140625,5215000
2021-09-03,266.5400085449219,270.6300048828125,263.67999267578125,269.739990234375,4901800
2021-09-07,270.0799865722656,270.45001220703125,263.75,265.8299865722656,5672200
2021-09-08,264.760009765625,265.0,251.72999572753906,254.72000122070312,10481800
2021-09-09,256.0,258.6300048828125,251.3800048828125,251.5399932861328,5606200
2021-09-10,253.00999450683594,254.75,247.3800048828125,247.89999389648438,6509300
2021-09-13,248.74000549316406,248.83999633789062,237.91000366210938,246.67999267578125,7879100
2021-09-14,249.10000610351562,253.4199981689453,245.67999267578125,247.0500030517578,4940400
2021-09-15,247.72999572753906,248.89999389648438,245.07000732421875,248.8000030517578,4092200
2021-09-16,248.8000030517578,255.49000549316406,247.47999572753906,255.08999633789062,5795100
2021-09-17,256.05999755859375,257.2699890136719,252.3800048828125,255.7899932861328,5564700
2021-09-20,245.3300018310547,251.72000122070312,244.61000061035156,250.22999572753906,5861500
2021-09-21,252.82000732421875,254.10000610351562,249.8300018310547,251.3000030517578,4658700
2021-09-22,253.0,261.7900085449219,252.2899932861328,261.07000732421875,6271000
2021-09-23,263.489990234375,268.1700134277344,262.70001220703125,266.7200012207031,7837900
2021-09-24,263.989990234375,264.9700012207031,257.9100036621094,262.5,6958900
2021-09-27,258.1000061035156,259.8599853515625,255.79299926757812,258.1099853515625,4683200
2021-09-28,252.50999450683594,252.85000610351562,241.6199951171875,242.6999969482422,11052200
2021-09-29,245.52000427246094,246.24000549316406,235.22000122070312,236.0399932861328,7323700
2021-09-30,236.69000244140625,243.27000427246094,236.27000427246094,239.83999633789062,5464100
2021-10-01,239.44000244140625,242.0500030517578,236.8800048828125,239.2899932861328,5934600
2021-10-04,235.61000061035156,236.28500366210938,222.9199981689453,226.25,12376700
2021-10-05,226.91000366210938,239.13999938964844,226.25999450683594,235.97999572753906,9928200
2021-10-06,231.97000122070312,241.0,231.3300018310547,239.1199951171875,7079600
2021-10-07,246.08999633789062,251.64999389648438,244.9199981689453,249.16000366210938,9170900
2021-10-08,249.3000030517578,251.44000244140625,238.1199951171875,238.49000549316406,8488300
2021-10-11,238.49000549316406,240.72000122070312,232.0,232.3300018310547,7632300
2021-10-12,237.75,240.32000732421875,234.0800018310547,237.41000366210938,5800300
2021-10-13,239.3000030517578,243.52999877929688,238.6699981689453,242.72999572753906,5422800
2021-10-14,248.11500549316406,251.33999633789062,247.10000610351562,247.41000366210938,6747800
2021-10-15,250.0,250.4600067138672,246.50999450683594,249.0,4673500
2021-10-18,247.4499969482422,253.60000610351562,244.16000366210938,252.1999969482422,6911100
2021-10-19,253.94000244140625,256.9700012207031,251.80999755859375,254.41000366210938,5248600
2021-10-20,257.8900146484375,260.3800048828125,253.02000427246094,255.35000610351562,4695100
2021-10-21,255.5399932861328,265.6499938964844,253.60000610351562,265.0799865722656,7003100
2021-10-22,259.8800048828125,262.0,251.94000244140625,253.05999755859375,7656200
2021-10-25,252.5500030517578,262.4100036621094,252.52999877929688,262.0,5747700
2021-10-26,263.0299987792969,270.1600036621094,259.05999755859375,263.3900146484375,7089500
2021-10-27,261.9200134277344,262.30999755859375,252.27999877929688,253.02000427246094,6305700
2021-10-28,257.19000244140625,261.6099853515625,254.6649932861328,261.3299865722656,4912900
2021-10-29,258.1600036621094,258.75,253.97500610351562,254.5,4093800
2021-11-01,255.1199951171875,255.5399932861328,251.1199951171875,255.0399932861328,4426600
2021-11-02,253.0399932861328,255.2239990234375,247.39999389648438,249.00999450683594,5465900
2021-11-03,249.39999389648438,252.82000732421875,248.22999572753906,252.47999572753906,4205600
2021-11-04,252.63999938964844,253.32000732421875,244.5500030517578,247.4600067138672,10195300
2021-11-05,247.63999938964844,255.9499969482422,237.0800018310547,237.3800048828125,15228000
2021-11-08,237.99000549316406,241.4199981689453,234.14999389648438,236.77000427246094,7458700
2021-11-09,238.39999389648438,240.89999389648438,229.7169952392578,230.77999877929688,7280600
2021-11-10,230.0,234.69000244140625,225.25,227.2100067138672,7326800
2021-11-11,231.00999450683594,231.22000122070312,225.64999389648438,226.50999450683594,4699500
2021-11-12,228.1999969482422,229.75999450683594,226.50999450683594,227.3000030517578,5669000
2021-11-15,229.0,238.60000610351562,228.8000030517578,233.02000427246094,6501800
2021-11-16,231.3000030517578,238.89999389648438,230.39999389648438,238.47000122070312,5690800
2021-11-17,238.85000610351562,241.5,229.69000244140625,231.85000610351562,5185100
2021-11-18,234.69000244140625,237.82000732421875,228.11399841308594,230.35000610351562,5396100
2021-11-19,228.6300048828125,229.99000549316406,224.08999633789062,225.13999938964844,7442300
2021-11-22,222.7100067138672,224.57000732421875,205.27999877929688,211.30999755859375,15737600
2021-11-23,209.86000061035156,214.6999969482422,205.41000366210938,210.5500030517578,9829700
2021-11-24,207.30999755859375,217.08999633789062,207.30999755859375,215.64999389648438,6910300
2021-11-26,211.00999450683594,215.64999389648438,209.27000427246094,212.0800018310547,3687200
2021-11-29,220.4600067138672,220.60000610351562,209.0500030517578,212.8699951171875,5575400
2021-11-30,214.8800048828125,217.75,206.0,208.3300018310547,10092500
2021-12-01,210.19000244140625,211.61000061035156,193.92999267578125,194.5,13324300
2021-12-02,191.17999267578125,195.52000427246094,185.27999877929688,192.14999389648438,16858600
2021-12-03,192.66000366210938,192.88999938964844,174.3350067138672,181.30999755859375,19166000
2021-12-06,176.8699951171875,180.1699981689453,170.75,179.72000122070312,11654100
2021-12-07,187.97500610351562,192.88999938964844,187.1699981689453,189.50999450683594,10652900
2021-12-08,190.0,195.27999877929688,185.8000030517578,194.77999877929688,8883700
2021-12-09,191.50999450683594,194.52999877929688,185.40199279785156,186.75,6251300
2021-12-10,187.50999450683594,189.8699951171875,179.69000244140625,181.32000732421875,7956400
2021-12-13,179.11000061035156,181.10000610351562,171.80999755859375,175.44000244140625,10548000
2021-12-14,170.3000030517578,175.89999389648438,168.61000061035156,170.72000122070312,8982800
2021-12-15,169.9499969482422,174.9600067138672,162.9600067138672,173.8000030517578,11626500
2021-12-16,175.25999450683594,176.91000366210938,163.85000610351562,165.8800048828125,10913700
2021-12-17,161.07000732421875,168.8699951171875,158.3800048828125,167.05999755859375,12713700
2021-12-20,162.99000549316406,163.5679931640625,157.57000732421875,158.3000030517578,9387800
2021-12-21,160.8699951171875,171.88999938964844,159.41000366210938,170.47000122070312,10771000
2021-12-22,167.0800018310547,171.8350067138672,164.75999450683594,167.3800048828125,7471000
2021-12-23,166.36000061035156,168.8000030517578,164.58999633789062,167.7100067138672,6668600
2021-12-27,168.14999389648438,171.39999389648438,167.5,168.47999572753906,5468500
2021-12-28,168.5,169.24000549316406,162.8800048828125,163.6699981689453,6570500
2021-12-29,164.10000610351562,164.89999389648438,158.5,161.85000610351562,7021900
2021-12-30,161.55999755859375,168.625,161.27000427246094,165.33999633789062,6656700
2021-12-31,164.0,165.3300018310547,161.38999938964844,161.50999450683594,6448500
2022-01-03,162.8699951171875,165.1999969482422,159.30999755859375,164.02999877929688,7315700
2022-01-04,163.5,163.88999938964844,151.02000427246094,156.3300018310547,14768500
2022-01-05,155.0,156.4499969482422,143.30999755859375,143.49000549316406,17546200
2022-01-06,140.6199951171875,148.36000061035156,138.08999633789062,144.66000366210938,16244200
2022-01-07,143.25,148.52000427246094,141.19000244140625,141.5399932861328,9426000
2022-01-10,139.64999389648438,144.6199951171875,133.1300048828125,144.47999572753906,15594400
2022-01-11,142.19000244140625,151.5,141.83999633789062,148.42999267578125,10880700
2022-01-12,150.6999969482422,152.6999969482422,145.33999633789062,145.47000122070312,9341600
2022-01-13,147.47000122070312,148.35000610351562,136.10000610351562,136.9499969482422,10133100
2022-01-14,135.0,138.66000366210938,129.30799865722656,133.2899932861328,19694000
2022-01-18,130.02999877929688,137.08999633789062,128.22999572753906,130.0,14192100
2022-01-19,129.0050048828125,132.74000549316406,127.25,128.13999938964844,25601900
2022-01-20,128.22000122070312,135.6999969482422,127.08000183105469,127.58000183105469,13835500
2022-01-21,125.88999938964844,127.61000061035156,117.80999755859375,118.0999984741211,14992600
2022-01-24,113.5,117.45999908447266,102.0,117.30000305175781,30462000
2022-01-25,114.05000305175781,118.98999786376953,109.55999755859375,115.30000305175781,16983700
2022-01-26,119.01000213623047,121.91000366210938,110.5999984741211,111.0,15188000
2022-01-27,107.83999633789062,111.12000274658203,103.7300033569336,105.63999938964844,21500700
2022-01-28,104.94999694824219,111.18000030517578,101.75,110.37999725341797,16820300
2022-01-31,112.86000061035156,122.31999969482422,112.68000030517578,122.29000091552734,14374000
2022-02-01,128.5,130.72999572753906,121.05000305175781,127.61000061035156,17461900
2022-02-02,118.62999725341797,120.61000061035156,111.52999877929688,114.04000091552734,26703200
2022-02-03,107.0,109.6500015258789,100.04000091552734,101.5,29660700
2022-02-04,102.48999786376953,110.19999694824219,99.80999755859375,108.87000274658203,18824700
2022-02-07,106.86000061035156,108.98999786376953,101.80999755859375,102.80999755859375,24622300
2022-02-08,101.91000366210938,103.7699966430664,99.5,102.29000091552734,20091500
2022-02-09,104.80999755859375,112.9000015258789,104.61000061035156,112.83999633789062,24064600
2022-02-10,109.25,119.0,107.30000305175781,108.94000244140625,26289600
2022-02-11,112.58999633789062,118.04499816894531,106.87100219726562,107.87999725341797,31484600
2022-02-14,107.79000091552734,116.36000061035156,106.62999725341797,111.63999938964844,22821500
2022-02-15,113.0199966430664,115.37000274658203,110.2699966430664,115.20999908447266,16899000
2022-02-16,113.94999694824219,113.94999694824219,108.87000274658203,109.0,17971500
2022-02-17,110.23999786376953,110.77999877929688,103.35600280761719,104.0199966430664,12975400
2022-02-18,103.61499786376953,103.88999938964844,96.83000183105469,97.72000122070312,20520500
2022-02-22,95.7699966430664,99.44999694824219,93.12999725341797,93.91000366210938,16625700
2022-02-23,94.66000366210938,95.19999694824219,88.56999969482422,88.72000122070312,18330800
2022-02-24,83.08000183105469,96.16300201416016,82.72000122070312,94.98999786376953,31915000
2022-02-25,114.9000015258789,120.69999694824219,109.30000305175781,119.81999969482422,64569100
2022-02-28,118.30999755859375,131.9499969482422,118.30999755859375,127.5,52481700
2022-03-01,126.55000305175781,131.49000549316406,124.36100006103516,126.05999755859375,25688200
2022-03-02,124.93000030517578,125.52999877929688,118.76100158691406,124.26000213623047,18998500
2022-03-03,123.12999725341797,123.64399719238281,113.08000183105469,114.22000122070312,18089100
2022-03-04,116.68000030517578,119.70999908447266,105.06999969482422,106.5199966430664,23137800
2022-03-07,107.16999816894531,108.08000183105469,95.41999816894531,97.51000213623047,29481400
2022-03-08,96.70999908447266,105.1500015258789,93.30000305175781,100.62000274658203,25280900
2022-03-09,103.98999786376953,113.81999969482422,103.38999938964844,111.91999816894531,27721900
2022-03-10,110.3499984741211,110.58000183105469,104.63999938964844,108.87000274658203,15651100
2022-03-11,109.87999725341797,110.68000030517578,101.69999694824219,101.93000030517578,13636500
2022-03-14,100.02999877929688,102.06999969482422,92.72000122070312,94.8499984741211,22494600
2022-03-15,95.70999908447266,103.88500213623047,94.87000274658203,103.08999633789062,17524000
2022-03-16,105.55999755859375,116.37899780273438,105.26000213623047,116.05000305175781,25527200
2022-03-17,114.77999877929688,128.32000732421875,113.30000305175781,127.95999908447266,31316900
2022-03-18,126.69000244140625,142.94000244140625,125.5999984741211,140.63999938964844,39354200
2022-03-21,138.36000061035156,139.72999572753906,129.63999938964844,134.82000732421875,30703500
2022-03-22,133.66000366210938,146.7899932861328,133.56500244140625,141.7899932861328,27938500
2022-03-23,138.8300018310547,142.88999938964844,134.35000610351562,135.39999389648438,18069900
2022-03-24,136.42999267578125,137.72999572753906,129.80999755859375,135.05999755859375,16790100
2022-03-25,135.50999450683594,136.1999969482422,127.2300033569336,130.3300018310547,13467000
2022-03-28,132.0,138.8800048828125,131.73800659179688,138.1199951171875,19074000
2022-03-29,141.0,149.0,137.91000366210938,146.83999633789062,21939500
2022-03-30,147.00999450683594,147.6199951171875,137.67999267578125,140.10000610351562,20231800
2022-03-31,139.52000427246094,140.5,135.47999572753906,135.60000610351562,13569600
2022-04-01,136.5,138.41000366210938,131.72999572753906,133.6199951171875,15216100
2022-04-04,136.85000610351562,145.5800018310547,135.75,145.19000244140625,15632200
2022-04-05,145.0,145.0,134.6999969482422,135.9199981689453,15798800
2022-04-06,133.72999572753906,133.9499969482422,124.5999984741211,128.77000427246094,21077200
2022-04-07,128.0,132.8000030517578,120.11000061035156,125.93000030517578,19030600
2022-04-08,124.52999877929688,127.5,122.12000274658203,123.22000122070312,13654100
2022-04-11,120.27999877929688,125.7300033569336,118.91999816894531,123.08000183105469,12965000
2022-04-12,126.0199966430664,130.88999938964844,121.5,122.88999938964844,15351400
2022-04-13,121.4000015258789,126.66000366210938,120.5,126.05000305175781,10789100
2022-04-14,126.02999877929688,126.45999908447266,121.12999725341797,121.30999755859375,9447500
2022-04-18,120.79000091552734,121.2699966430664,115.8499984741211,119.38999938964844,10365000
2022-04-19,119.0,127.1500015258789,118.69000244140625,125.62000274658203,10900400
2022-04-20,125.20999908447266,125.20999908447266,114.5,114.5199966430664,13309000
2022-04-21,117.0999984741211,119.4800033569336,106.44499969482422,107.70999908447266,14430400
2022-04-22,108.11000061035156,109.94999694824219,102.0199966430664,102.66999816894531,12495300
2022-04-25,101.87000274658203,108.30000305175781,101.87000274658203,107.37999725341797,14059500
2022-04-26,105.64299774169922,105.64299774169922,99.82499694824219,100.47000122070312,12854500
2022-04-27,98.68000030517578,103.96800231933594,98.06999969482422,99.93000030517578,14308600
2022-04-28,101.54000091552734,106.0,97.38999938964844,104.63999938964844,16650900
2022-04-29,103.63999938964844,110.44000244140625,99.31999969482422,99.54000091552734,13448800
2022-05-02,98.30000305175781,105.97000122070312,97.2699966430664,105.86000061035156,14661700
2022-05-03,104.16000366210938,108.0,100.4800033569336,102.33000183105469,14675900
2022-05-04,102.25,107.20999908447266,93.6500015258789,106.79000091552734,25333900
2022-05-05,103.51000213623047,104.13999938964844,93.12000274658203,95.55000305175781,22914500
2022-05-06,98.66999816894531,98.68000030517578,88.55699920654297,96.19000244140625,36801900
2022-05-09,93.05999755859375,93.96900177001953,80.81999969482422,83.86000061035156,31319600
2022-05-10,87.29000091552734,91.46499633789062,80.38999938964844,84.38999938964844,25789600
2022-05-11,82.97000122070312,85.1500015258789,70.33000183105469,71.22000122070312,39549300
2022-05-12,68.79000091552734,78.13999938964844,65.0999984741211,75.76000213623047,35208100
2022-05-13,80.37000274658203,85.2300033569336,80.12999725341797,84.1500015258789,28356500
2022-05-16,82.2699966430664,84.69000244140625,79.30999755859375,79.69999694824219,18879600
2022-05-17,82.5,85.55999755859375,78.87999725341797,84.79000091552734,21675600
2022-05-18,82.7300033569336,89.09600067138672,81.4800033569336,82.05999755859375,24811400
2022-05-19,82.9000015258789,89.91899871826172,82.08499908447266,87.13999938964844,24086900
2022-05-20,88.01000213623047,90.25,78.89199829101562,83.44000244140625,22714300
2022-05-23,83.81999969482422,84.1500015258789,79.05000305175781,83.4000015258789,19684100
2022-05-24,81.4000015258789,81.62000274658203,74.16000366210938,75.87999725341797,20583900
2022-05-25,75.80000305175781,78.94999694824219,74.30999755859375,77.94999694824219,17738200
2022-05-26,75.56999969482422,83.86000061035156,74.76000213623047,83.41000366210938,16587500
2022-05-27,84.29000091552734,90.98999786376953,83.5,90.5199966430664,19837500
2022-05-31,90.0,90.5999984741211,85.80000305175781,87.51000213623047,19307200
2022-06-01,87.3499984741211,89.21099853515625,81.35299682617188,81.91000366210938,20519200
2022-06-02,81.5199966430664,88.8489990234375,81.4000015258789,87.44000244140625,19120000
2022-06-03,85.36000061035156,86.66999816894531,82.66000366210938,83.0999984741211,13965900
2022-06-06,84.86000061035156,87.08999633789062,81.94999694824219,83.37999725341797,13972700
2022-06-07,81.87999725341797,85.19999694824219,80.25,84.5999984741211,14313300
2022-06-08,84.5999984741211,87.55000305175781,83.87000274658203,84.75,12757300
2022-06-09,84.62999725341797,84.95999908447266,76.48999786376953,76.58000183105469,19594300
2022-06-10,75.86000061035156,76.23999786376953,70.2300033569336,71.87000274658203,21288000
2022-06-13,66.16000366210938,68.77999877929688,62.5,62.7599983215332,26455800
2022-06-14,63.52000045776367,63.689998626708984,59.45000076293945,60.29999923706055,23258500
2022-06-15,61.16999816894531,64.427001953125,60.470001220703125,62.90999984741211,24356700
2022-06-16,60.41999816894531,61.13999938964844,56.722999572753906,57.5099983215332,22705200
2022-06-17,56.209999084472656,59.45000076293945,56.0099983215332,58.5099983215332,21814800
2022-06-21,59.720001220703125,62.61399841308594,59.45000076293945,60.52000045776367,17100100
2022-06-22,59.43000030517578,62.880001068115234,59.2400016784668,60.650001525878906,15082400
2022-06-23,61.40999984741211,67.62999725341797,60.79999923706055,67.2699966430664,23240200
2022-06-24,68.22000122070312,71.01000213623047,66.83000183105469,71.0,23357200
2022-06-27,70.79000091552734,71.75,66.94999694824219,69.43000030517578,14687400
2022-06-28,69.0999984741211,70.19999694824219,64.80999755859375,65.5999984741211,14795000
2022-06-29,64.7699966430664,65.72200012207031,62.40999984741211,63.84000015258789,13450900
2022-06-30,62.75,63.0,59.08000183105469,61.459999084472656,16793100
2022-07-01,61.95000076293945,65.13999938964844,61.86000061035156,63.900001525878906,15218100
2022-07-05,61.84000015258789,66.91000366210938,60.349998474121094,66.7300033569336,14496500
2022-07-06,66.5999984741211,68.47000122070312,64.27999877929688,64.97000122070312,11788100
2022-07-07,65.12999725341797,69.58000183105469,64.51000213623047,68.62999725341797,13885200
2022-07-08,66.80000305175781,68.97000122070312,64.75,67.0199966430664,16403200
2022-07-11,66.1500015258789,66.87999725341797,63.04999923706055,63.22999954223633,11140700
2022-07-12,63.959999084472656,66.53600311279297,63.130001068115234,65.02999877929688,14386700
2022-07-13,62.20000076293945,65.61000061035156,60.81999969482422,64.1500015258789,13548800
2022-07-14,63.27000045776367,63.75,61.040000915527344,62.41999816894531,11377100
2022-07-15,64.19000244140625,66.04000091552734,62.70000076293945,65.9800033569336,12267200
2022-07-18,67.87999725341797,69.58999633789062,65.83000183105469,66.2699966430664,14204900
2022-07-19,66.94000244140625,69.30799865722656,64.26499938964844,69.25,16120400
2022-07-20,70.0,75.23999786376953,69.22000122070312,74.77999877929688,18594300
2022-07-21,73.30999755859375,75.16999816894531,72.16999816894531,74.76000213623047,14683000
2022-07-22,74.66000366210938,76.44000244140625,70.95999908447266,71.80000305175781,12130100
2022-07-25,72.04000091552734,72.47000122070312,69.5999984741211,71.43000030517578,9267700
2022-07-26,69.08999633789062,69.2300033569336,65.9000015258789,66.38999938964844,10924100
2022-07-27,68.45999908447266,72.94000244140625,67.5999984741211,72.76000213623047,13865400
2022-07-28,73.04000091552734,75.16000366210938,70.51000213623047,74.68000030517578,11281600
2022-07-29,73.2300033569336,76.08999633789062,72.7249984741211,76.05999755859375,10554300
2022-08-01,75.4800033569336,79.05000305175781,74.44999694824219,77.80999755859375,11563100
2022-08-02,76.62000274658203,80.7699966430664,76.36000061035156,79.08999633789062,12648900
2022-08-03,81.02999877929688,88.83000183105469,80.69999694824219,88.06999969482422,26179500
2022-08-04,88.1500015258789,90.66999816894531,86.83000183105469,89.69999694824219,22719400
2022-08-05,83.6500015258789,93.19000244140625,82.87799835205078,87.7300033569336,31022600
2022-08-08,88.05000305175781,91.80000305175781,84.87000274658203,85.5,19001500
2022-08-09,84.18000030517578,84.87000274658203,79.94999694824219,81.12999725341797,13287000
2022-08-10,86.76000213623047,89.02999877929688,84.41999816894531,88.83999633789062,16527800
2022-08-11,90.87000274658203,92.0999984741211,85.36000061035156,85.98999786376953,15075900
2022-08-12,88.01000213623047,88.62999725341797,85.01000213623047,87.94999694824219,10433200
2022-08-15,87.72000122070312,89.19400024414062,86.0199966430664,86.72000122070312,9905200
2022-08-16,86.2300033569336,87.0999984741211,82.06999969482422,85.87999725341797,12198000
2022-08-17,83.52999877929688,84.44000244140625,79.93000030517578,80.33000183105469,15368500
2022-08-18,80.44000244140625,80.55000305175781,78.2699966430664,79.72000122070312,11799700
2022-08-19,77.4000015258789,77.87999725341797,73.87999725341797,74.36000061035156,13024100
2022-08-22,72.37000274658203,75.5199966430664,71.33000183105469,73.01000213623047,13297400
2022-08-23,72.5199966430664,74.20999908447266,70.8499984741211,70.94000244140625,12146500
2022-08-24,71.54000091552734,74.63999938964844,71.37000274658203,72.62000274658203,9751400
2022-08-25,73.1500015258789,74.7699966430664,72.11000061035156,74.62999725341797,8979200
2022-08-26,74.31999969482422,74.3499984741211,68.76000213623047,68.87000274658203,13750100
2022-08-29,67.58999633789062,69.98999786376953,67.33999633789062,67.75,9590900
2022-08-30,68.5999984741211,70.12999725341797,66.69000244140625,69.05000305175781,11902000
2022-08-31,70.58999633789062,71.75199890136719,68.41000366210938,68.91000366210938,10039200
2022-09-01,67.43000030517578,68.78500366210938,65.02999877929688,68.75,11949600
2022-09-02,69.83000183105469,70.06999969482422,65.9000015258789,66.33000183105469,12389900
2022-09-06,66.05999755859375,66.37999725341797,63.650001525878906,65.30000305175781,12852700
2022-09-07,65.37999725341797,67.94000244140625,64.5999984741211,67.81999969482422,10955500
2022-09-08,66.18000030517578,70.62999725341797,65.93000030517578,70.58999633789062,9406300
2022-09-09,71.62000274658203,74.7300033569336,71.62000274658203,74.29000091552734,12325300
2022-09-12,75.20999908447266,76.71399688720703,73.91000366210938,75.25,10257400
2022-09-13,70.06999969482422,71.375,69.25,69.58000183105469,12943200
2022-09-14,66.69999694824219,68.70999908447266,65.5999984741211,68.55999755859375,19270200
2022-09-15,66.44000244140625,71.55000305175781,66.44000244140625,69.18000030517578,18009100
2022-09-16,67.08999633789062,67.16500091552734,64.75,64.88999938964844,15775300
2022-09-19,64.30000305175781,65.19999694824219,63.0099983215332,63.709999084472656,13219600
2022-09-20,62.970001220703125,63.69900131225586,61.400001525878906,61.470001220703125,13407700
2022-09-21,61.36000061035156,63.5099983215332,59.45000076293945,59.45000076293945,14568700
2022-09-22,58.470001220703125,58.97999954223633,55.02000045776367,55.93000030517578,20937000
2022-09-23,55.0,56.97999954223633,54.43000030517578,56.27000045776367,14897600
2022-09-26,56.220001220703125,57.7400016784668,54.130001068115234,54.13999938964844,12473000
2022-09-27,55.54999923706055,56.849998474121094,53.900001525878906,55.08000183105469,11592900
2022-09-28,55.060001373291016,59.2400016784668,54.869998931884766,59.06999969482422,14669500
2022-09-29,57.47999954223633,57.47999954223633,55.34000015258789,55.900001525878906,13288800
2022-09-30,55.619998931884766,58.02000045776367,54.88999938964844,54.9900016784668,13401300
2022-10-03,55.150001525878906,56.529998779296875,53.709999084472656,55.779998779296875,15203000
2022-10-04,58.275001525878906,63.13999938964844,58.150001525878906,62.40999984741211,22480800
2022-10-05,60.70000076293945,62.709999084472656,59.88999938964844,62.150001525878906,10667400
2022-10-06,61.790000915527344,63.439998626708984,61.290000915527344,61.93000030517578,8298400
2022-10-07,59.86000061035156,60.45000076293945,56.88999938964844,57.40999984741211,11232000
2022-10-10,57.41999816894531,57.880001068115234,55.52000045776367,56.619998931884766,9657400
2022-10-11,56.220001220703125,56.3390007019043,52.66999816894531,53.45000076293945,18196200
2022-10-12,53.59000015258789,56.54999923706055,52.43000030517578,56.13999938964844,16651700
2022-10-13,53.029998779296875,56.590999603271484,51.88999938964844,56.22999954223633,18321800
2022-10-14,57.0,58.279998779296875,51.45000076293945,51.5099983215332,16278100
2022-10-17,53.599998474121094,56.77000045776367,53.349998474121094,55.91999816894531,15378400
2022-10-18,58.93000030517578,59.7400016784668,55.5099983215332,57.27000045776367,15248900
2022-10-19,56.54999923706055,56.54999923706055,53.4900016784668,53.939998626708984,13618100
2022-10-20,53.95000076293945,57.63999938964844,53.65999984741211,55.18000030517578,12554800
2022-10-21,54.0,56.33000183105469,52.34000015258789,55.9900016784668,13987700
2022-10-24,55.619998931884766,57.709999084472656,53.970001220703125,56.9900016784668,12593800
2022-10-25,56.959999084472656,60.31999969482422,56.959999084472656,59.65999984741211,12990600
2022-10-26,58.2400016784668,62.47999954223633,57.970001220703125,59.470001220703125,12535300
2022-10-27,60.22999954223633,61.93000030517578,59.52000045776367,60.2599983215332,9601800
2022-10-28,59.61000061035156,61.32500076293945,58.77000045776367,61.290000915527344,10612200
2022-10-31,61.25,61.939998626708984,59.869998931884766,60.06999969482422,10545300
2022-11-01,62.279998779296875,62.83000183105469,58.625,59.0,12013900
2022-11-02,58.63999938964844,59.560001373291016,54.5099983215332,54.63999938964844,15357900
2022-11-03,53.400001525878906,55.099998474121094,51.34000015258789,53.90999984741211,20802100
2022-11-04,60.349998474121094,63.70000076293945,57.65999984741211,60.11000061035156,44563400
2022-11-07,62.16999816894531,64.75,61.369998931884766,62.66999816894531,22867900
2022-11-08,63.189998626708984,65.80000305175781,60.15999984741211,62.5099983215332,26565400
2022-11-09,60.39500045776367,60.47999954223633,57.09000015258789,57.209999084472656,18952000
2022-11-10,63.09000015258789,68.58499908447266,63.09000015258789,67.4000015258789,28630300
2022-11-11,65.08999633789062,72.43000030517578,64.37000274658203,71.66000366210938,21128100
2022-11-14,70.25,72.3499984741211,69.44000244140625,70.2699966430664,11823300
2022-11-15,74.7699966430664,75.7699966430664,72.0199966430664,73.37999725341797,13335400
2022-11-16,71.62999725341797,72.91999816894531,68.61499786376953,69.55000305175781,11779600
2022-11-17,67.0199966430664,68.91999816894531,66.29000091552734,67.98999786376953,9264400
2022-11-18,69.04000091552734,69.31999969482422,65.13500213623047,65.81999969482422,9734600
2022-11-21,64.5999984741211,64.94000244140625,60.79999923706055,61.849998474121094,12252700
2022-11-22,61.529998779296875,63.06999969482422,60.099998474121094,62.720001220703125,9000500
2022-11-23,62.63999938964844,64.26000213623047,61.91999816894531,63.91999816894531,8190000
2022-11-25,63.9900016784668,63.9900016784668,62.50899887084961,63.380001068115234,4168800
2022-11-28,61.90999984741211,63.83000183105469,61.119998931884766,61.369998931884766,7239900
2022-11-29,62.06999969482422,63.88999938964844,61.72999954223633,62.11000061035156,8219900
2022-11-30,62.099998474121094,68.0,61.85200119018555,67.7699966430664,14298600
2022-12-01,68.0199966430664,69.23999786376953,66.66000366210938,69.16999816894531,9430000
2022-12-02,67.2699966430664,68.94000244140625,66.62000274658203,68.18000030517578,7721100
2022-12-05,67.4000015258789,67.86000061035156,62.400001525878906,63.13999938964844,12610900
2022-12-06,63.119998931884766,63.87900161743164,60.20000076293945,61.29999923706055,9408900
2022-12-07,60.83000183105469,61.849998474121094,59.625,61.06999969482422,8734800
2022-12-08,61.599998474121094,63.70000076293945,60.5,63.369998931884766,7849800
2022-12-09,63.099998474121094,65.83000183105469,63.099998474121094,64.5999984741211,8418100
2022-12-12,63.790000915527344,66.71299743652344,63.36000061035156,66.19999694824219,9126600
2022-12-13,70.37000274658203,72.37000274658203,68.80000305175781,71.02999877929688,15385200
2022-12-14,71.06999969482422,72.47000122070312,69.63999938964844,71.25,10557800
2022-12-15,68.48999786376953,69.3499984741211,65.43000030517578,65.88999938964844,9277800
2022-12-16,64.9800033569336,65.16999816894531,60.709999084472656,62.5099983215332,18776800
2022-12-19,62.2400016784668,62.400001525878906,59.98500061035156,60.439998626708984,9310100
2022-12-20,59.34000015258789,61.869998931884766,58.900001525878906,61.40999984741211,8766500
2022-12-21,61.7400016784668,63.33000183105469,60.630001068115234,62.58000183105469,7847500
2022-12-22,61.20000076293945,61.20000076293945,58.619998931884766,60.59000015258789,9740200
2022-12-23,59.875,60.939998626708984,58.81999969482422,60.88999938964844,7281800
2022-12-27,60.20500183105469,61.060001373291016,58.34000015258789,59.86000061035156,8572400
2022-12-28,59.0,60.2400016784668,58.400001525878906,59.08000183105469,7563200
2022-12-29,60.0,63.470001220703125,59.900001525878906,62.91999816894531,9995100
2022-12-30,61.04999923706055,63.099998474121094,60.79999923706055,62.84000015258789,8014400
2023-01-03,66.30000305175781,67.5,62.50199890136719,64.63999938964844,16416500
2023-01-04,65.79000091552734,68.12000274658203,64.77999877929688,66.30000305175781,11749500
2023-01-05,64.8499984741211,65.55999755859375,63.01900100708008,64.70999908447266,11336200
2023-01-06,65.27999877929688,69.5,63.36000061035156,68.98999786376953,15529600
2023-01-09,69.69999694824219,70.61000061035156,68.44000244140625,69.05999755859375,12987600
2023-01-10,68.67500305175781,70.19000244140625,67.66000366210938,70.02999877929688,9056300
2023-01-11,70.95999908447266,71.88999938964844,70.0199966430664,71.66999816894531,9034300
2023-01-12,71.87999725341797,72.11000061035156,68.11000061035156,71.80000305175781,11852600
2023-01-13,69.80999755859375,71.98999786376953,69.51000213623047,71.6500015258789,9344700
2023-01-17,72.36000061035156,75.20999908447266,71.7300033569336,75.0999984741211,14314400
2023-01-18,75.29000091552734,76.22000122070312,72.06999969482422,72.11000061035156,12147200
2023-01-19,70.80000305175781,71.79000091552734,69.23500061035156,70.94000244140625,12051300
2023-01-20,71.69999694824219,76.19000244140625,71.04000091552734,76.16000366210938,12798400
2023-01-23,76.83999633789062,81.66999816894531,76.72000122070312,81.66000366210938,16814100
2023-01-24,80.16000366210938,82.7300033569336,79.51000213623047,80.79000091552734,12152100
2023-01-25,77.0,81.04000091552734,74.7699966430664,80.7699966430664,17119400
2023-01-26,83.02999877929688,83.91000366210938,78.32099914550781,81.19000244140625,13296800
2023-01-27,80.69000244140625,85.5,80.66999816894531,83.83000183105469,15424800
2023-01-30,81.93000030517578,83.23999786376953,79.63999938964844,79.79000091552734,10482600
2023-01-31,80.87999725341797,82.31999969482422,80.19999694824219,81.72000122070312,8801900
2023-02-01,82.06999969482422,84.75499725341797,80.05999755859375,83.9000015258789,11087200
2023-02-02,86.80000305175781,89.97000122070312,86.22000122070312,88.41000366210938,13349900
2023-02-03,84.9000015258789,87.9800033569336,84.25,84.70999908447266,12679100
2023-02-06,82.69000244140625,83.6989974975586,81.30999755859375,82.55000305175781,8593500
2023-02-07,82.08000183105469,83.8550033569336,80.66000366210938,83.18000030517578,9804500
2023-02-08,82.9000015258789,84.29000091552734,81.12000274658203,81.12999725341797,7213400
2023-02-09,81.3499984741211,82.08000183105469,75.5999984741211,76.18000030517578,17350900
2023-02-10,75.0999984741211,76.01100158691406,74.13999938964844,75.2300033569336,11274100
2023-02-13,75.51000213623047,77.56800079345703,74.73999786376953,76.81999969482422,9590500
2023-02-14,76.04000091552734,79.44999694824219,75.55000305175781,78.80000305175781,9780900
2023-02-15,78.69999694824219,82.69999694824219,78.52999877929688,82.69000244140625,10064300
2023-02-16,80.2699966430664,81.33000183105469,78.5,78.62999725341797,9541500
2023-02-17,76.97000122070312,77.02999877929688,74.16999816894531,75.0199966430664,11261600
2023-02-21,73.08999633789062,74.48999786376953,71.91999816894531,71.94999694824219,7855200
2023-02-22,72.72000122070312,73.68000030517578,71.80000305175781,72.94000244140625,10562100
2023-02-23,74.2699966430664,74.88999938964844,71.83999633789062,74.1500015258789,22855200
2023-02-24,77.47000122070312,78.0199966430664,73.5199966430664,77.36000061035156,43473200
2023-02-27,77.29000091552734,77.7300033569336,74.86000061035156,75.13999938964844,18197400
2023-02-28,75.33000183105469,78.0199966430664,74.5199966430664,76.7300033569336,13187300
2023-03-01,76.30999755859375,76.7300033569336,74.6500015258789,76.62999725341797,10075900
2023-03-02,75.44000244140625,78.58999633789062,74.54499816894531,78.04000091552734,10115600
2023-03-03,78.66999816894531,81.12999725341797,77.6500015258789,80.87999725341797,11059700
2023-03-06,81.4000015258789,83.08000183105469,80.29000091552734,80.80999755859375,10328600
2023-03-07,80.4800033569336,81.4000015258789,77.93000030517578,78.04000091552734,8082800
2023-03-08,77.97000122070312,78.69000244140625,75.83000183105469,77.94999694824219,8610500
2023-03-09,77.81999969482422,79.62000274658203,73.5,73.80000305175781,12475200
2023-03-10,70.61000061035156,73.58000183105469,68.47000122070312,71.01000213623047,18383100
2023-03-13,70.0,71.0999984741211,67.25,69.45999908447266,14357400
2023-03-14,71.67500305175781,73.86000061035156,71.4000015258789,73.62999725341797,13136700
2023-03-15,72.44000244140625,74.13999938964844,71.66999816894531,74.06999969482422,9832200
2023-03-16,76.12000274658203,76.5,73.80999755859375,75.08999633789062,11453800
2023-03-17,74.94499969482422,75.2300033569336,73.08999633789062,73.9800033569336,9756200
2023-03-20,73.38999938964844,75.63999938964844,72.69000244140625,74.5,10704500
2023-03-21,75.83999633789062,77.97000122070312,75.72000122070312,77.45999908447266,10458700
2023-03-22,77.1500015258789,77.1500015258789,72.61000061035156,72.6500015258789,17616500
2023-03-23,60.0,65.75,56.5,61.880001068115234,140313900
2023-03-24,59.75,61.56999969482422,59.099998474121094,60.68000030517578,48929800
2023-03-27,62.459999084472656,65.11000061035156,61.54999923706055,64.4000015258789,33436700
2023-03-28,64.0,65.8499984741211,63.5,63.7599983215332,17257800
2023-03-29,64.80500030517578,67.20999908447266,64.55999755859375,66.48999786376953,17574600
2023-03-30,68.98999786376953,70.52999877929688,67.79000091552734,68.48999786376953,21097700
2023-03-31,68.58999633789062,70.31999969482422,68.05000305175781,68.6500015258789,17878500
2023-04-03,67.5999984741211,68.38999938964844,65.80500030517578,67.83000183105469,16969800
2023-04-04,68.26000213623047,69.73999786376953,67.66999816894531,68.83999633789062,15229000
2023-04-05,67.21499633789062,68.23999786376953,66.62000274658203,67.66000366210938,11586700
2023-04-06,66.80000305175781,69.02999877929688,66.16000366210938,68.0999984741211,11359800
2023-04-10,66.33000183105469,66.80000305175781,65.47000122070312,66.36000061035156,11598900
2023-04-11,67.05000305175781,67.88999938964844,65.76000213623047,66.41999816894531,11471400
2023-04-12,67.27999877929688,67.62000274658203,62.599998474121094,62.7400016784668,15733700
2023-04-13,63.290000915527344,65.62000274658203,63.20000076293945,64.55999755859375,12875800
2023-04-14,64.30000305175781,65.47000122070312,63.689998626708984,64.04000091552734,12061500
2023-04-17,63.81999969482422,64.35900115966797,63.11000061035156,64.19000244140625,10833100
2023-04-18,64.80000305175781,65.1500015258789,63.845001220703125,63.900001525878906,9487500
2023-04-19,63.0,63.5099983215332,61.43000030517578,62.869998931884766,13775700
2023-04-20,61.720001220703125,62.915000915527344,61.540000915527344,62.36000061035156,9367800
2023-04-21,62.18000030517578,63.56999969482422,62.02000045776367,63.47999954223633,10855300
2023-04-24,63.70000076293945,64.75,63.04999923706055,64.5,8457400
2023-04-25,63.91999816894531,64.36000061035156,60.970001220703125,61.0,10416200
2023-04-26,61.209999084472656,61.797000885009766,60.0099983215332,60.56999969482422,9262100
2023-04-27,61.18000030517578,61.40999984741211,58.90999984741211,60.58000183105469,14361200
2023-04-28,59.83000183105469,61.029998779296875,58.970001220703125,60.790000915527344,11809500
2023-05-01,60.689998626708984,61.74599838256836,59.75,60.220001220703125,9293600
2023-05-02,59.61000061035156,59.900001525878906,57.630001068115234,57.7599983215332,10440300
2023-05-03,57.97999954223633,60.81999969482422,57.41999816894531,59.31999969482422,14798400
2023-05-04,59.220001220703125,61.380001068115234,59.209999084472656,60.43000030517578,16023900
2023-05-05,60.63999938964844,62.06999969482422,58.79499816894531,59.25,25485600
2023-05-08,59.27000045776367,59.77000045776367,57.77000045776367,58.79999923706055,13623600
2023-05-09,58.40999984741211,59.71500015258789,57.88999938964844,59.31999969482422,8377200
2023-05-10,59.970001220703125,60.0,57.150001525878906,57.529998779296875,12457000
2023-05-11,56.650001525878906,58.0,55.70000076293945,57.310001373291016,11818500
2023-05-12,57.29999923706055,57.29999923706055,55.11000061035156,55.560001373291016,11804400
2023-05-15,55.29999923706055,57.119998931884766,55.04999923706055,56.869998931884766,9421500
2023-05-16,55.7400016784668,56.595001220703125,55.04999923706055,55.540000915527344,8377500
2023-05-17,56.06999969482422,57.83000183105469,55.459999084472656,57.7599983215332,9165900
2023-05-18,57.939998626708984,60.130001068115234,57.52000045776367,59.52000045776367,9851300
2023-05-19,59.474998474121094,59.599998474121094,58.14500045776367,58.650001525878906,6615200
2023-05-22,58.0,61.31999969482422,57.540000915527344,60.619998931884766,11142100
2023-05-23,60.33000183105469,62.54999923706055,59.81999969482422,61.560001373291016,12693600
2023-05-24,60.595001220703125,62.025001525878906,59.959999084472656,61.86000061035156,8886700
2023-05-25,62.02000045776367,62.16999816894531,59.0099983215332,59.29999923706055,8927200
2023-05-26,59.5,60.400001525878906,58.970001220703125,59.0,10070300
2023-05-30,59.7599983215332,60.08000183105469,57.779998779296875,58.84000015258789,9715800
2023-05-31,58.40999984741211,61.20000076293945,58.36000061035156,60.38999938964844,15274700
2023-06-01,59.68000030517578,62.404998779296875,59.040000915527344,61.5,8765300
2023-06-02,62.5,63.9900016784668,61.27000045776367,63.459999084472656,10653300
2023-06-05,63.709999084472656,64.0,62.573001861572266,63.540000915527344,5880700
2023-06-06,62.36000061035156,66.18000030517578,62.209999084472656,65.9800033569336,10479600
2023-06-07,66.5,67.61000061035156,65.11000061035156,66.23999786376953,9270900
2023-06-08,66.37000274658203,66.91000366210938,64.81999969482422,65.08999633789062,8673000
2023-06-09,65.26000213623047,66.5,64.56999969482422,64.94000244140625,6558200
2023-06-12,65.20999908447266,65.64900207519531,63.58000183105469,64.19999694824219,6165600
2023-06-13,65.37999725341797,66.4000015258789,64.87000274658203,65.5199966430664,10102900
2023-06-14,64.83999633789062,65.87000274658203,62.869998931884766,63.689998626708984,9173900
2023-06-15,63.650001525878906,66.86000061035156,63.560001373291016,66.19000244140625,9395500
2023-06-16,66.51000213623047,67.79000091552734,65.70099639892578,66.51000213623047,12250800
2023-06-20,65.88999938964844,67.51499938964844,65.3499984741211,66.80000305175781,7456800
2023-06-21,66.70999908447266,67.27999877929688,64.80999755859375,65.45999908447266,8859000
2023-06-22,64.88999938964844,65.1500015258789,63.13999938964844,64.11000061035156,7225500
2023-06-23,62.79999923706055,63.34000015258789,61.85499954223633,62.86000061035156,17221700
2023-06-26,62.65999984741211,64.14900207519531,61.650001525878906,61.75,5506300
2023-06-27,62.33000183105469,64.55999755859375,62.04499816894531,63.93000030517578,5865400
2023-06-28,63.70000076293945,65.61000061035156,63.33000183105469,64.7699966430664,6638500
2023-06-29,64.875,65.7699966430664,63.7400016784668,64.38999938964844,6240900
2023-06-30,65.0999984741211,66.89800262451172,64.80999755859375,66.56999969482422,8721400
2023-07-03,66.66999816894531,67.30000305175781,66.04000091552734,66.19999694824219,5669900
2023-07-05,65.7300033569336,69.4000015258789,65.13999938964844,68.97000122070312,12995800
2023-07-06,67.37999725341797,67.37999725341797,63.439998626708984,64.61000061035156,16449000
2023-07-07,64.19999694824219,68.41999816894531,64.0999984741211,67.2699966430664,11732900
2023-07-10,66.83999633789062,69.6500015258789,66.72000122070312,69.05999755859375,9165900
2023-07-11,69.75,72.12000274658203,69.05999755859375,71.0999984741211,10022600
2023-07-12,72.83000183105469,73.04000091552734,70.58000183105469,71.22000122070312,7823900
2023-07-13,72.73999786376953,76.6500015258789,72.52999877929688,76.19999694824219,15648300
2023-07-14,76.31500244140625,77.11000061035156,74.83999633789062,75.45999908447266,9343900
2023-07-17,75.30500030517578,78.80000305175781,74.30999755859375,78.05999755859375,10001900
2023-07-18,78.06500244140625,79.20999908447266,77.56999969482422,79.02999877929688,6733100
2023-07-19,79.1500015258789,80.5999984741211,78.11000061035156,78.19000244140625,8320700
2023-07-20,77.2249984741211,77.94999694824219,75.66000366210938,76.16999816894531,7231300
2023-07-21,76.87999725341797,77.6050033569336,75.08000183105469,76.12000274658203,5260100
2023-07-24,75.86000061035156,77.26000213623047,74.36000061035156,77.13999938964844,5016000
2023-07-25,77.58000183105469,78.25,76.79000091552734,76.87000274658203,3362600
2023-07-26,76.16000366210938,77.84500122070312,75.76000213623047,77.41000366210938,4235200
2023-07-27,78.83000183105469,79.44000244140625,75.4000015258789,75.7699966430664,5911900
2023-07-28,78.31500244140625,78.9800033569336,77.3499984741211,78.36000061035156,6225700
2023-07-31,79.37999725341797,81.47000122070312,79.16000366210938,80.52999877929688,7815000
2023-08-01,79.87999725341797,79.9000015258789,77.77999877929688,78.76000213623047,6731500
2023-08-02,77.13500213623047,77.13500213623047,73.87000274658203,74.48999786376953,10439800
2023-08-03,73.36000061035156,73.87999725341797,71.51000213623047,73.55000305175781,13742600
2023-08-04,67.68000030517578,70.39800262451172,63.20000076293945,63.52000045776367,33476000
2023-08-07,64.16000366210938,65.1500015258789,63.279998779296875,64.01000213623047,16331200
2023-08-08,62.79999923706055,63.58000183105469,62.31999969482422,62.380001068115234,11439300
2023-08-09,63.630001068115234,64.5469970703125,62.40999984741211,62.709999084472656,12169200
2023-08-10,63.060001373291016,64.26000213623047,61.810001373291016,62.2400016784668,8642500
2023-08-11,61.599998474121094,62.36000061035156,60.529998779296875,60.56999969482422,7740700
2023-08-14,60.060001373291016,60.4900016784668,59.63999938964844,60.150001525878906,7408100
2023-08-15,60.09000015258789,60.36000061035156,58.130001068115234,58.36000061035156,9501100
2023-08-16,58.13999938964844,58.95000076293945,57.439998626708984,57.4900016784668,8309200
2023-08-17,57.06999969482422,57.52000045776367,56.08000183105469,56.099998474121094,10195200
2023-08-18,55.029998779296875,57.27000045776367,54.724998474121094,56.880001068115234,9841100
2023-08-21,56.84000015258789,57.560001373291016,55.9900016784668,57.560001373291016,9422900
2023-08-22,57.810001373291016,58.0,55.630001068115234,56.06999969482422,10494000
2023-08-23,56.29999923706055,57.400001525878906,55.900001525878906,57.220001220703125,12207300
2023-08-24,57.56999969482422,57.56999969482422,55.310001373291016,55.630001068115234,7952700
2023-08-25,55.400001525878906,56.630001068115234,54.970001220703125,55.86000061035156,7741000
2023-08-28,56.0099983215332,56.45000076293945,55.2599983215332,55.869998931884766,5333600
2023-08-29,55.56999969482422,57.900001525878906,55.459999084472656,57.7599983215332,7329800
2023-08-30,57.33000183105469,58.209999084472656,56.97999954223633,57.720001220703125,6813200
2023-08-31,57.79999923706055,58.5,57.16999816894531,57.650001525878906,7392900
2023-09-01,58.38999938964844,59.040000915527344,57.849998474121094,58.16999816894531,5752300
2023-09-05,58.15999984741211,59.19499969482422,57.78499984741211,58.7400016784668,5987000
2023-09-06,57.68000030517578,59.720001220703125,57.4900016784668,57.63999938964844,10491600
2023-09-07,56.220001220703125,56.5,55.13999938964844,56.040000915527344,9075800
2023-09-08,56.0,56.0,52.779998779296875,53.08000183105469,20691100
2023-09-11,53.95500183105469,55.20000076293945,53.27000045776367,53.939998626708984,10420000
2023-09-12,53.78499984741211,55.729000091552734,53.650001525878906,54.33000183105469,10233100
2023-09-13,54.07500076293945,54.58000183105469,53.61000061035156,54.150001525878906,5735300
2023-09-14,54.61000061035156,54.72999954223633,53.56999969482422,53.849998474121094,8090000
2023-09-15,53.68000030517578,54.08000183105469,52.2599983215332,52.83000183105469,11915100
2023-09-18,52.810001373291016,52.810001373291016,51.2400016784668,51.25,11564000
2023-09-19,49.939998626708984,50.630001068115234,49.369998931884766,49.79999923706055,17971800
2023-09-20,49.9900016784668,50.060001373291016,47.52000045776367,47.56999969482422,15313500
2023-09-21,46.5099983215332,46.93000030517578,45.27000045776367,45.619998931884766,19540800
2023-09-22,45.88999938964844,46.18000030517578,44.599998474121094,44.709999084472656,11866500
2023-09-25,44.619998931884766,45.7400016784668,44.33000183105469,45.59000015258789,8841300
2023-09-26,44.939998626708984,45.7400016784668,44.560001373291016,44.810001373291016,10168200
2023-09-27,45.2599983215332,45.36000061035156,43.75,44.13999938964844,11656100
2023-09-28,44.029998779296875,44.560001373291016,42.77000045776367,44.349998474121094,16585100
2023-09-29,45.209999084472656,45.630001068115234,44.209999084472656,44.2599983215332,11965300
2023-10-02,44.31999969482422,44.720001220703125,42.97999954223633,43.189998626708984,10433200
2023-10-03,42.56999969482422,43.290000915527344,41.4900016784668,41.900001525878906,11399900
2023-10-04,42.0,42.220001220703125,41.2400016784668,41.900001525878906,11048000
2023-10-05,41.5099983215332,42.814998626708984,40.77000045776367,42.63999938964844,15916700
2023-10-06,42.150001525878906,44.04999923706055,42.150001525878906,43.83000183105469,13244300
2023-10-09,43.119998931884766,43.814998626708984,42.88999938964844,43.709999084472656,7787600
2023-10-10,44.29999923706055,46.540000915527344,44.29999923706055,46.0,15783400
2023-10-11,46.34000015258789,47.53499984741211,46.02000045776367,46.689998626708984,15563000
2023-10-12,47.04999923706055,47.224998474121094,45.12099838256836,45.45000076293945,13843000
2023-10-13,44.630001068115234,44.869998931884766,43.13999938964844,43.16999816894531,13495900
2023-10-16,43.84000015258789,44.95000076293945,43.595001220703125,44.7599983215332,9192200
2023-10-17,44.18000030517578,46.380001068115234,44.09000015258789,45.900001525878906,11581300
2023-10-18,45.275001525878906,45.880001068115234,44.54999923706055,44.58000183105469,8206400
2023-10-19,44.380001068115234,45.56999969482422,43.959999084472656,44.16999816894531,10885100
2023-10-20,44.51499938964844,44.560001373291016,43.70000076293945,43.97999954223633,9985900
2023-10-23,43.58000183105469,44.564998626708984,42.810001373291016,43.900001525878906,9641600
2023-10-24,44.779998779296875,46.150001525878906,44.71099853515625,45.349998474121094,11482200
2023-10-25,43.560001373291016,43.650001525878906,41.29999923706055,41.720001220703125,20833400
2023-10-26,41.65999984741211,42.88999938964844,41.54499816894531,41.68000030517578,11861500
2023-10-27,40.36000061035156,40.52000045776367,38.90999984741211,40.02000045776367,19872600
2023-10-30,40.369998931884766,40.86000061035156,38.849998474121094,39.220001220703125,15531800
2023-10-31,39.47999954223633,40.380001068115234,38.8849983215332,40.25,9734500
2023-11-01,39.95000076293945,41.095001220703125,39.34000015258789,40.959999084472656,11957100
2023-11-02,43.709999084472656,44.099998474121094,42.779998779296875,43.97999954223633,30573900
2023-11-03,50.79999923706055,52.130001068115234,48.400001525878906,48.68000030517578,49424200
2023-11-06,49.189998626708984,49.92100143432617,48.152000427246094,49.52000045776367,22090200
2023-11-07,49.70500183105469,51.630001068115234,49.70500183105469,51.04999923706055,22098700
2023-11-08,50.959999084472656,53.04999923706055,50.630001068115234,52.27000045776367,19517500
2023-11-09,52.79499816894531,53.349998474121094,50.97999954223633,51.04999923706055,16380500
2023-11-10,50.9900016784668,51.70000076293945,50.869998931884766,51.5,9510200
2023-11-13,50.95000076293945,52.209999084472656,50.86000061035156,52.02000045776367,9727500
2023-11-14,53.959999084472656,55.33000183105469,53.81999969482422,55.099998474121094,15519200
2023-11-15,55.52000045776367,57.27000045776367,55.45000076293945,56.29999923706055,14683100
2023-11-16,56.02000045776367,56.45000076293945,55.4900016784668,56.279998779296875,9462600
2023-11-17,56.439998626708984,58.400001525878906,56.400001525878906,58.189998626708984,12031000
2023-11-20,57.91999816894531,59.53499984741211,57.47600173950195,59.27000045776367,10463400
2023-11-21,58.66999816894531,59.334999084472656,58.060001373291016,58.66999816894531,8125100
2023-11-22,59.130001068115234,59.72999954223633,58.3390007019043,59.02000045776367,7702100
2023-11-24,58.970001220703125,60.040000915527344,58.68000030517578,59.650001525878906,5162600
2023-11-27,59.11000061035156,60.779998779296875,59.0,60.310001373291016,10451600
2023-11-28,60.5,64.0,60.38999938964844,63.34000015258789,15851200
2023-11-29,63.58000183105469,65.11000061035156,63.58000183105469,63.72999954223633,13983700
2023-11-30,64.08999633789062,64.19999694824219,62.68000030517578,63.43000030517578,9036600
2023-12-01,63.5,65.16999816894531,63.38999938964844,65.04000091552734,11954200
2023-12-04,65.0,65.33000183105469,64.19000244140625,65.0,8865200
2023-12-05,64.31999969482422,64.94000244140625,63.380001068115234,64.88999938964844,8606200
2023-12-06,65.79000091552734,69.94999694824219,65.79000091552734,68.0,20160600
2023-12-07,67.02899932861328,68.87999725341797,66.87999725341797,68.47000122070312,12668300
2023-12-08,67.8499984741211,70.66699981689453,67.5999984741211,69.16999816894531,11485300
2023-12-11,68.92500305175781,70.26000213623047,68.23999786376953,68.55999755859375,8109700
2023-12-12,69.20999908447266,69.56999969482422,68.33000183105469,69.56999969482422,6414700
2023-12-13,69.7300033569336,70.54000091552734,66.7300033569336,70.05999755859375,16628000
2023-12-14,71.80000305175781,75.44000244140625,71.7750015258789,74.76000213623047,20563600
2023-12-15,74.83000183105469,75.48999786376953,73.66000366210938,74.20999908447266,11130100
2023-12-18,74.0,74.87000274658203,73.4000015258789,73.87999725341797,7546000
2023-12-19,74.5999984741211,77.76000213623047,74.5999984741211,77.30999755859375,11958300
2023-12-20,77.02999877929688,79.0999984741211,76.0,76.11000061035156,12378200
2023-12-21,77.16999816894531,77.8499984741211,75.83000183105469,76.9000015258789,8829400
2023-12-22,77.08000183105469,77.55000305175781,76.25,77.13999938964844,7045400
2023-12-26,77.30000305175781,78.63999938964844,77.30000305175781,78.18000030517578,6135500
2023-12-27,78.0,79.7300033569336,77.95999908447266,79.5999984741211,7418800
2023-12-28,79.7699966430664,80.29000091552734,79.20999908447266,79.51000213623047,6830500
2023-12-29,79.31999969482422,79.7699966430664,76.8550033569336,77.3499984741211,8244900
2024-01-02,75.5,75.9000015258789,71.47000122070312,72.22000122070312,15249500
2024-01-03,69.0,70.5999984741211,68.13999938964844,68.62999725341797,15374100
2024-01-04,68.0,69.06500244140625,66.86000061035156,68.1500015258789,10021000
2024-01-05,67.52999877929688,68.56999969482422,66.59500122070312,66.95999908447266,11150700
2024-01-08,67.68000030517578,69.33999633789062,67.36499786376953,69.30999755859375,9210800
2024-01-09,68.76000213623047,70.63999938964844,68.76000213623047,69.52999877929688,8077100
2024-01-10,69.94999694824219,69.94999694824219,67.4800033569336,67.9000015258789,8705700
2024-01-11,68.61000061035156,68.80000305175781,66.11000061035156,67.87000274658203,7617700
2024-01-12,68.0,68.66999816894531,66.43000030517578,66.4800033569336,6612400
2024-01-16,65.4800033569336,65.9800033569336,64.19999694824219,65.16000366210938,9984100
2024-01-17,63.720001220703125,63.96500015258789,62.06999969482422,63.900001525878906,9588300
2024-01-18,64.51000213623047,65.2300033569336,63.43000030517578,64.47000122070312,8226600
2024-01-19,64.76000213623047,66.05999755859375,63.75,65.8499984741211,8642500
2024-01-22,67.12999725341797,69.36000061035156,66.26000213623047,66.69000244140625,10438400
2024-01-23,67.25,67.69000244140625,65.68499755859375,66.19999694824219,7247500
2024-01-24,67.08999633789062,67.30000305175781,62.54999923706055,62.56999969482422,12081200
2024-01-25,63.16999816894531,63.29999923706055,61.83000183105469,62.709999084472656,10939200
2024-01-26,62.0,65.56999969482422,61.939998626708984,64.97000122070312,11500900
2024-01-29,65.12000274658203,69.06999969482422,64.94999694824219,68.9800033569336,13236200
2024-01-30,70.3499984741211,71.40899658203125,67.80000305175781,68.22000122070312,13270600
2024-01-31,67.68000030517578,68.37000274658203,64.82499694824219,65.01000213623047,10919000
2024-02-01,66.05000305175781,67.33999633789062,64.97000122070312,66.66999816894531,9050600
2024-02-02,66.41999816894531,68.43000030517578,65.29000091552734,67.87999725341797,9373500
2024-02-05,67.0,67.2300033569336,65.44999694824219,65.8499984741211,6646400
2024-02-06,66.25,68.86000061035156,66.19999694824219,67.0,10734700
2024-02-07,67.08999633789062,68.83899688720703,65.58000183105469,68.30999755859375,7908100
2024-02-08,67.91000366210938,69.41999816894531,66.86000061035156,68.83000183105469,8515900
2024-02-09,69.2300033569336,69.9000015258789,66.66999816894531,66.87999725341797,11405000
2024-02-12,67.0199966430664,69.58999633789062,67.0199966430664,68.83999633789062,9112800
2024-02-13,65.81999969482422,66.66000366210938,64.37999725341797,64.9800033569336,11784100
2024-02-14,66.08000183105469,67.74500274658203,65.88099670410156,67.41000366210938,8346400
2024-02-15,68.27999877929688,70.0999984741211,68.05999755859375,69.4800033569336,9393600
2024-02-16,67.19999694824219,67.9800033569336,65.55500030517578,65.63999938964844,12642900
2024-02-20,65.58000183105469,66.58300018310547,64.83499908447266,65.7300033569336,10182100
2024-02-21,64.42500305175781,65.0,63.62900161743164,64.47000122070312,8798200
2024-02-22,65.77999877929688,68.44000244140625,65.6500015258789,67.95999908447266,23963900
2024-02-23,79.80999755859375,83.29000091552734,78.47000122070312,78.91999816894531,53427600
2024-02-26,77.5199966430664,77.77999877929688,74.55999755859375,74.66000366210938,23003200
2024-02-27,75.94999694824219,77.95999908447266,75.33999633789062,77.70999908447266,14699200
2024-02-28,77.01000213623047,79.93000030517578,76.69999694824219,78.41999816894531,12752700
2024-02-29,79.5,80.95999908447266,78.54000091552734,79.47000122070312,12228200
2024-03-01,79.79000091552734,80.62999725341797,78.11000061035156,79.25,9376900
2024-03-04,79.41999816894531,79.66999816894531,76.88999938964844,77.0,8523300
2024-03-05,76.0999984741211,76.55000305175781,73.7699966430664,74.43000030517578,7204400
2024-03-06,75.66999816894531,77.13500213623047,75.18699645996094,75.52999877929688,7376800
2024-03-07,76.81999969482422,77.79000091552734,75.66999816894531,77.22000122070312,6906600
2024-03-08,77.94999694824219,81.8499984741211,77.5,80.73999786376953,12875700
2024-03-11,81.5,83.83000183105469,80.84200286865234,81.52999877929688,10344800
2024-03-12,82.95500183105469,83.0199966430664,79.29000091552734,81.70999908447266,8477100
2024-03-13,81.33999633789062,87.5199966430664,81.19999694824219,85.72000122070312,15124900
2024-03-14,85.73999786376953,86.16699981689453,80.16000366210938,81.23999786376953,11603600
2024-03-15,80.55999755859375,82.08999633789062,79.94000244140625,80.16999816894531,8467100
2024-03-18,80.30999755859375,81.52999877929688,79.30999755859375,80.86000061035156,6175200
2024-03-19,79.73999786376953,80.45999908447266,78.0,79.31999969482422,6112500
2024-03-20,78.70999908447266,81.81999969482422,78.20999908447266,81.45999908447266,6652600
2024-03-21,82.41000366210938,85.0,82.33999633789062,84.05000305175781,10383700
2024-03-22,83.0199966430664,84.0469970703125,80.75,80.7699966430664,6375600
2024-03-25,80.61000061035156,83.53500366210938,80.58000183105469,82.62000274658203,6631900
2024-03-26,83.6500015258789,85.80000305175781,83.50499725341797,83.80000305175781,8171700
2024-03-27,84.94000244140625,85.66999816894531,82.23999786376953,83.18000030517578,5742300
2024-03-28,83.79499816894531,84.91999816894531,83.19999694824219,84.58000183105469,5816800
2024-04-01,84.91500091552734,84.91500091552734,81.04499816894531,81.45999908447266,7400100
2024-04-02,79.56999969482422,79.69000244140625,77.18000030517578,79.20999908447266,7585300
2024-04-03,78.41000366210938,80.30699920654297,77.80999755859375,79.6500015258789,5126300
2024-04-04,79.0,80.55999755859375,74.66999816894531,74.7300033569336,14148400
2024-04-05,72.9000015258789,77.33000183105469,72.7699966430664,77.16999816894531,8942200
2024-04-08,77.94000244140625,78.73999786376953,77.5,78.3499984741211,4708500
2024-04-09,78.30000305175781,80.0,77.98999786376953,79.9800033569336,5471000
2024-04-10,77.69999694824219,79.0999984741211,77.36000061035156,78.51000213623047,4959400
2024-04-11,79.4000015258789,80.09500122070312,77.62999725341797,80.05999755859375,4242800
2024-04-12,78.84500122070312,79.0,76.01000213623047,76.98999786376953,6190600
2024-04-15,77.54000091552734,78.0,73.4000015258789,73.5,7972300
2024-04-16,72.37000274658203,74.19000244140625,72.12000274658203,73.13999938964844,5643600
2024-04-17,73.56999969482422,74.5250015258789,71.88999938964844,73.51000213623047,5921800
2024-04-18,73.5,74.08999633789062,71.6500015258789,72.05999755859375,6556700
2024-04-19,70.91000366210938,72.54000091552734,69.80999755859375,70.41999816894531,7071600
2024-04-22,71.19000244140625,72.36000061035156,69.80999755859375,71.5999984741211,6090200
2024-04-23,71.87000274658203,75.27999877929688,71.65799713134766,75.20999908447266,9937300
2024-04-24,75.56999969482422,76.1500015258789,73.5199966430664,74.02999877929688,5831400
2024-04-25,71.5,73.30000305175781,71.02999877929688,72.79000091552734,5296500
2024-04-26,74.0,75.88999938964844,73.55999755859375,74.4800033569336,4649200
2024-04-29,74.58000183105469,76.30000305175781,74.27999877929688,75.30999755859375,6122200
2024-04-30,75.01000213623047,75.2300033569336,72.61000061035156,73.0,6864800
2024-05-01,67.91000366210938,69.5,65.69000244140625,66.83999633789062,22145700
2024-05-02,68.4000015258789,70.55000305175781,67.16999816894531,70.30000305175781,17693800
2024-05-03,76.48999786376953,76.5,68.9800033569336,69.47000122070312,28948300
2024-05-06,70.23999786376953,73.55000305175781,70.11000061035156,73.52999877929688,11675500
2024-05-07,73.11000061035156,73.5999984741211,71.4000015258789,71.5999984741211,6609800
2024-05-08,70.58999633789062,72.05000305175781,70.53500366210938,71.13999938964844,5927600
2024-05-09,71.44000244140625,73.30999755859375,70.71600341796875,73.19999694824219,4862400
2024-05-10,73.66000366210938,73.9990005493164,70.72000122070312,71.30999755859375,5714200
2024-05-13,71.83999633789062,72.2490005493164,69.56999969482422,69.73999786376953,7261500
2024-05-14,70.19999694824219,71.9800033569336,70.19999694824219,71.19999694824219,5988400
2024-05-15,72.41999816894531,73.69999694824219,71.36499786376953,71.5199966430664,5369500
2024-05-16,71.23999786376953,72.18000030517578,70.87000274658203,71.75,6911900
2024-05-17,71.81999969482422,73.43000030517578,71.2699966430664,72.26000213623047,5967000
2024-05-20,72.41000366210938,73.6500015258789,71.61000061035156,73.54000091552734,6162200
2024-05-21,73.0,73.30000305175781,70.5,71.51000213623047,9187500
2024-05-22,70.86000061035156,71.0,67.01499938964844,67.33999633789062,12737500
2024-05-23,67.80000305175781,68.12000274658203,65.7699966430664,66.62000274658203,6723700
2024-05-24,66.7300033569336,67.12999725341797,65.81999969482422,66.33999633789062,6857100
2024-05-28,66.47000122070312,66.76000213623047,64.83000183105469,66.08000183105469,7708500
2024-05-29,64.9800033569336,66.19000244140625,64.25,65.55999755859375,7605600
2024-05-30,65.51000213623047,66.2300033569336,64.5999984741211,65.0199966430664,6190400
2024-05-31,64.87000274658203,65.19999694824219,62.459999084472656,64.08000183105469,10928700
2024-06-03,64.0999984741211,64.7750015258789,63.70000076293945,64.30000305175781,6473100
2024-06-04,64.08000183105469,65.31999969482422,63.880001068115234,64.25,8256800
2024-06-05,65.22000122070312,65.62000274658203,63.88999938964844,64.80000305175781,7811800
2024-06-06,64.80000305175781,66.95600128173828,64.63999938964844,66.4000015258789,9206600
2024-06-07,65.9000015258789,66.56999969482422,65.08000183105469,65.0999984741211,6602300
2024-06-10,64.2699966430664,64.94000244140625,63.52000045776367,64.33999633789062,9063400
2024-06-11,64.0,64.5,62.94499969482422,64.16000366210938,5250600
2024-06-12,66.0,67.19999694824219,64.30000305175781,64.62999725341797,7049800
2024-06-13,65.07499694824219,65.8499984741211,62.209999084472656,62.36000061035156,7080200
2024-06-14,61.810001373291016,62.33000183105469,61.369998931884766,62.150001525878906,4916700
2024-06-17,61.72999954223633,62.65999984741211,60.900001525878906,62.5,5906900
2024-06-18,62.36000061035156,63.16999816894531,61.779998779296875,61.900001525878906,7176700
2024-06-20,61.5,63.334999084472656,61.189998626708984,62.7400016784668,7487200
2024-06-21,62.27000045776367,62.970001220703125,61.77000045776367,62.970001220703125,7957400
2024-06-24,64.12000274658203,65.3499984741211,63.79999923706055,64.4000015258789,7607800
2024-06-25,64.19999694824219,64.9000015258789,63.470001220703125,64.0199966430664,6934300
2024-06-26,63.58000183105469,63.779998779296875,62.619998931884766,63.290000915527344,3645400
2024-06-27,63.20000076293945,64.11000061035156,62.63999938964844,63.38999938964844,4332300
2024-06-28,63.58000183105469,64.5999984741211,63.130001068115234,64.48999786376953,6802600
2024-07-01,64.62000274658203,64.94999694824219,62.814998626708984,63.84000015258789,5278300
2024-07-02,63.97999954223633,65.37999725341797,63.77000045776367,64.58000183105469,4402300
2024-07-03,64.41000366210938,65.18000030517578,63.92499923706055,64.44000244140625,2837200
2024-07-05,64.18000030517578,65.79000091552734,63.9900016784668,65.77999877929688,5390100
2024-07-08,65.91999816894531,66.73999786376953,63.93000030517578,64.2300033569336,6166100
2024-07-09,64.4800033569336,65.3499984741211,63.83000183105469,64.51000213623047,3630200
2024-07-10,64.76000213623047,64.76000213623047,62.83000183105469,64.33999633789062,4838100
2024-07-11,65.41000366210938,67.05999755859375,65.11000061035156,66.48999786376953,7319000
2024-07-12,67.80999755859375,69.62999725341797,67.80999755859375,68.73999786376953,8697500
2024-07-15,69.48999786376953,72.29499816894531,68.75,72.05999755859375,9038300
2024-07-16,72.18000030517578,73.36000061035156,71.16999816894531,72.06999969482422,7104600
2024-07-17,70.62999725341797,72.52999877929688,70.62000274658203,71.8499984741211,6016500
2024-07-18,72.33000183105469,72.55000305175781,67.95999908447266,68.0,13075400
2024-07-19,68.01000213623047,68.69000244140625,67.30999755859375,68.0999984741211,5161400
2024-07-22,68.2300033569336,68.47000122070312,66.94999694824219,68.25,4649000
2024-07-23,67.69999694824219,68.38999938964844,66.83999633789062,66.88999938964844,4353300
2024-07-24,65.88999938964844,66.1500015258789,61.66999816894531,61.709999084472656,9676300
2024-07-25,61.994998931884766,63.72999954223633,61.470001220703125,61.58000183105469,7174600
2024-07-26,60.54999923706055,61.65999984741211,59.86000061035156,60.18000030517578,11388700
2024-07-29,60.59000015258789,62.27000045776367,59.900001525878906,60.7400016784668,7074000
2024-07-30,61.83000183105469,62.97999954223633,59.770999908447266,60.09000015258789,7195200
2024-07-31,60.959999084472656,62.939998626708984,60.54499816894531,61.880001068115234,6839200
2024-08-01,61.9900016784668,63.849998474121094,59.46500015258789,59.900001525878906,12935700
2024-08-02,58.45000076293945,60.81999969482422,57.66999816894531,60.380001068115234,17898400
2024-08-05,55.0,59.2400016784668,55.0,57.209999084472656,13286900
2024-08-06,57.400001525878906,58.61000061035156,56.25,57.25,8112100
2024-08-07,58.400001525878906,59.779998779296875,57.6619987487793,58.04999923706055,9056700
2024-08-08,59.22999954223633,61.45000076293945,59.06999969482422,61.209999084472656,7085500
2024-08-09,61.779998779296875,62.68000030517578,60.70000076293945,62.13999938964844,5941000
2024-08-12,62.15999984741211,62.310001373291016,60.36000061035156,61.09000015258789,5746200
2024-08-13,61.880001068115234,63.650001525878906,61.369998931884766,63.369998931884766,4887500
2024-08-14,63.459999084472656,63.599998474121094,61.810001373291016,62.20000076293945,5065500
2024-08-15,63.58000183105469,64.7300033569336,63.4900016784668,64.25,6944500
2024-08-16,64.47000122070312,65.93000030517578,64.47000122070312,65.87000274658203,5486500
2024-08-19,66.0,66.9000015258789,65.7300033569336,66.87999725341797,4454500
2024-08-20,66.80999755859375,67.26699829101562,64.83000183105469,64.87999725341797,4906900
2024-08-21,64.92500305175781,65.69999694824219,64.08999633789062,65.6500015258789,5672200
2024-08-22,64.9800033569336,65.87999725341797,63.630001068115234,63.84000015258789,4767300
2024-08-23,64.55000305175781,65.7030029296875,64.4000015258789,65.36000061035156,5618500
2024-08-26,65.45999908447266,66.58000183105469,65.41000366210938,65.55999755859375,4375100
2024-08-27,65.0,66.80000305175781,64.98500061035156,66.63999938964844,3643600
2024-08-28,66.23500061035156,66.45999908447266,63.86000061035156,64.68000030517578,5096000
2024-08-29,65.33999633789062,68.48999786376953,65.33999633789062,66.41999816894531,7233800
2024-08-30,66.87000274658203,66.96499633789062,64.75,66.08000183105469,5850700
2024-09-03,64.6500015258789,65.66000366210938,63.77899932861328,64.16999816894531,4583000
2024-09-04,63.86000061035156,65.23999786376953,63.66999816894531,64.08000183105469,4050900
2024-09-05,63.970001220703125,65.2300033569336,63.69499969482422,64.58000183105469,3689300
2024-09-06,64.68000030517578,65.41000366210938,60.97999954223633,61.2400016784668,6448500
2024-09-09,62.09000015258789,63.04999923706055,61.060001373291016,61.310001373291016,5535100
2024-09-10,61.4900016784668,61.59000015258789,59.20000076293945,61.369998931884766,7279600
2024-09-11,60.959999084472656,63.56999969482422,60.20000076293945,63.380001068115234,5833600
2024-09-12,63.44499969482422,63.7599983215332,62.11000061035156,63.66999816894531,3777000
2024-09-13,63.72999954223633,64.87999725341797,63.709999084472656,63.9900016784668,4682900
2024-09-16,64.04000091552734,66.18000030517578,63.97999954223633,65.77999877929688,5428400
2024-09-17,66.7699966430664,67.84500122070312,66.4800033569336,67.33000183105469,4502700
2024-09-18,67.22000122070312,68.23999786376953,66.26000213623047,66.73999786376953,5595100
2024-09-19,68.97000122070312,69.4000015258789,67.9800033569336,68.63999938964844,6547800
2024-09-20,68.5999984741211,69.0,66.62799835205078,67.45999908447266,7744800
2024-09-23,67.58000183105469,68.56999969482422,67.05000305175781,67.83000183105469,5289700
2024-09-24,68.44999694824219,68.61000061035156,66.51000213623047,67.54000091552734,6374600
2024-09-25,67.6500015258789,67.86000061035156,65.13999938964844,65.23999786376953,5782300
2024-09-26,66.2699966430664,66.62799835205078,64.91500091552734,66.5199966430664,5902000
2024-09-27,67.1449966430664,67.54000091552734,65.18000030517578,66.97000122070312,7327700
2024-09-30,66.58000183105469,68.3499984741211,66.5,67.12999725341797,5301700
2024-10-01,67.0,67.26000213623047,64.43000030517578,65.94000244140625,6599300
2024-10-02,65.58999633789062,66.12999725341797,63.935001373291016,65.05999755859375,5265600
2024-10-03,64.5,65.70999908447266,64.38999938964844,65.63999938964844,4346100
2024-10-04,66.94999694824219,67.05999755859375,65.37999725341797,67.0199966430664,4551100
2024-10-07,66.80000305175781,67.30000305175781,65.37999725341797,65.70999908447266,4076800
2024-10-08,65.66000366210938,68.51000213623047,65.58999633789062,68.25,5336700
2024-10-09,68.69000244140625,68.93000030517578,67.13999938964844,68.2699966430664,4594400
2024-10-10,67.22000122070312,71.01000213623047,67.22000122070312,70.0199966430664,8347500
2024-10-11,69.95999908447266,70.61000061035156,68.80000305175781,69.69999694824219,6098600
2024-10-14,69.95999908447266,71.76000213623047,69.0,71.6500015258789,6955700
2024-10-15,72.25,72.55000305175781,69.85900115966797,71.79000091552734,5465700
2024-10-16,71.88999938964844,73.58999633789062,71.3239974975586,73.52999877929688,5292100
2024-10-17,73.75499725341797,74.18000030517578,72.62999725341797,73.68000030517578,4861000
2024-10-18,73.66999816894531,74.94000244140625,72.70800018310547,74.66000366210938,4293400
2024-10-21,74.55999755859375,75.0,73.29499816894531,73.91000366210938,4240000
2024-10-22,73.30999755859375,73.94000244140625,72.54000091552734,72.81999969482422,4704500
2024-10-23,72.47000122070312,73.83000183105469,70.7509994506836,71.38999938964844,4723100
2024-10-24,72.18000030517578,73.01000213623047,71.76100158691406,72.55000305175781,3006200
2024-10-25,73.05999755859375,73.45999908447266,72.12000274658203,72.61000061035156,3964200
2024-10-28,73.01000213623047,74.5999984741211,73.0,74.4800033569336,4104600
2024-10-29,74.79000091552734,74.79000091552734,73.20999908447266,73.22000122070312,4501300
2024-10-30,72.7300033569336,74.4800033569336,72.7300033569336,73.29000091552734,4161900
2024-10-31,72.5,73.7300033569336,71.5999984741211,72.31999969482422,4373600
2024-11-01,72.2300033569336,73.11299896240234,71.75,72.1500015258789,5643100
2024-11-04,72.19999694824219,73.70999908447266,72.04000091552734,72.69000244140625,4577200
2024-11-05,71.62999725341797,72.8949966430664,71.62999725341797,72.37999725341797,5489700
2024-11-06,74.97000122070312,78.0999984741211,74.16000366210938,77.63999938964844,10380800
2024-11-07,77.41000366210938,78.08000183105469,74.93499755859375,75.2699966430664,19111800
2024-11-08,71.88999938964844,74.81999969482422,69.02999877929688,74.55999755859375,24843700
2024-11-11,75.9000015258789,83.94999694824219,75.80000305175781,83.4000015258789,20910700
2024-11-12,82.66000366210938,87.41000366210938,82.38999938964844,87.25,15209300
2024-11-13,86.30000305175781,90.0,85.25299835205078,85.81999969482422,12982400
2024-11-14,85.37000274658203,85.94999694824219,82.91999816894531,83.41999816894531,9206300
2024-11-15,82.55000305175781,84.5199966430664,81.83999633789062,84.30000305175781,6915200
2024-11-18,83.76000213623047,91.83000183105469,83.36000061035156,90.79000091552734,16620100
2024-11-19,90.0,93.0,89.79000091552734,92.41999816894531,13334200
2024-11-20,92.0,93.0,89.47100067138672,89.69999694824219,7897400
2024-11-21,90.73500061035156,93.95999908447266,89.6240005493164,92.69999694824219,14160500
2024-11-22,92.61000061035156,94.12000274658203,91.81500244140625,92.26000213623047,9117000
2024-11-25,92.5,92.51000213623047,89.2699966430664,90.75,11126900
2024-11-26,89.83499908447266,90.72000122070312,88.58000183105469,89.01000213623047,7855300
2024-11-27,89.43000030517578,90.6500015258789,88.19999694824219,88.77999877929688,6646100
2024-11-29,89.41000366210938,90.07599639892578,88.45999908447266,88.55000305175781,4527400
2024-12-02,92.44000244140625,95.94999694824219,92.0,92.77999877929688,14027800
2024-12-03,91.8499984741211,93.77999877929688,90.76000213623047,93.19999694824219,8252700
2024-12-04,95.1500015258789,98.94999694824219,94.30000305175781,98.91999816894531,12564100
2024-12-05,99.11499786376953,99.26000213623047,95.5479965209961,95.87000274658203,9374200
2024-12-06,97.4800033569336,98.81900024414062,96.04000091552734,98.25,9410700
2024-12-09,97.29000091552734,98.05000305175781,94.4000015258789,95.41999816894531,8420300
2024-12-10,96.87999725341797,97.04000091552734,93.80000305175781,94.04000091552734,6371800
2024-12-11,95.75499725341797,98.98999786376953,95.51000213623047,98.19000244140625,7707300
2024-12-12,96.41999816894531,96.9800033569336,93.95999908447266,94.11000061035156,9777400
2024-12-13,94.62000274658203,95.38999938964844,91.91000366210938,91.9800033569336,8351600
2024-12-16,92.72000122070312,94.62000274658203,91.55000305175781,93.77999877929688,6678700
2024-12-17,93.58999633789062,95.58999633789062,93.1500015258789,94.55000305175781,6004300
2024-12-18,94.26000213623047,95.77999877929688,87.19000244140625,87.30000305175781,11011200
2024-12-19,90.08000183105469,91.80999755859375,87.30000305175781,87.63999938964844,8398200
2024-12-20,86.83999633789062,90.77999877929688,86.2020034790039,89.6500015258789,8834300
2024-12-23,89.4800033569336,89.83999633789062,87.66000366210938,89.29000091552734,4208500
2024-12-24,89.62999725341797,91.13999938964844,88.87999725341797,91.08000183105469,2197700
2024-12-26,90.5,91.62999725341797,90.28900146484375,91.4800033569336,2991100
2024-12-27,91.0,91.29000091552734,88.05000305175781,88.97000122070312,4140800
2024-12-30,88.40499877929688,88.69000244140625,86.83000183105469,87.4800033569336,5383800
2024-12-31,87.72000122070312,88.0,84.81999969482422,84.98999786376953,4989400
2025-01-02,86.1500015258789,87.55000305175781,84.84300231933594,86.75,5695400
2025-01-03,90.6449966430664,92.6500015258789,89.2300033569336,92.16000366210938,10633400
2025-01-06,93.62999725341797,93.83000183105469,91.22000122070312,91.94000244140625,6464800
2025-01-07,92.36000061035156,93.58000183105469,86.81999969482422,87.68000030517578,6851700
2025-01-08,87.5250015258789,88.37899780273438,85.69000244140625,86.75,5932700
2025-01-10,84.97000122070312,84.97000122070312,81.6500015258789,82.54000091552734,8229700
2025-01-13,80.72000122070312,82.19000244140625,80.19999694824219,82.01000213623047,6934300
2025-01-14,83.02999877929688,84.27999877929688,81.6500015258789,82.41999816894531,5221800
2025-01-15,86.12000274658203,86.80000305175781,84.32099914550781,84.79000091552734,6120500
2025-01-16,85.0999984741211,87.22000122070312,84.9000015258789,86.37999725341797,6124800
2025-01-17,87.0,88.1500015258789,86.0999984741211,86.95999908447266,5797000
2025-01-21,88.05999755859375,89.83999633789062,87.62999725341797,89.5,4269100
2025-01-22,90.19999694824219,90.55999755859375,87.27999877929688,87.4800033569336,6010000
2025-01-23,87.11000061035156,88.55999755859375,86.47000122070312,87.80000305175781,4899200
2025-01-24,88.55500030517578,89.98999786376953,88.05999755859375,88.66999816894531,5330000
2025-01-27,84.51000213623047,87.43000030517578,84.25,85.01000213623047,6136300
2025-01-28,85.4800033569336,88.70999908447266,84.36000061035156,88.63999938964844,4797100
2025-01-29,88.36499786376953,90.7699966430664,87.95999908447266,90.02999877929688,4662100
2025-01-30,91.58999633789062,94.25,91.11000061035156,92.94999694824219,5828400
2025-01-31,93.3499984741211,93.75,90.30999755859375,90.81999969482422,6821600
2025-02-03,88.63999938964844,91.29000091552734,87.70999908447266,90.19999694824219,4760200
2025-02-04,90.19999694824219,90.2300033569336,85.88999938964844,86.16999816894531,5698200
2025-02-05,87.38999938964844,87.81500244140625,85.37999725341797,86.0,4632700
2025-02-06,87.6500015258789,88.12999725341797,85.22000122070312,86.08000183105469,4908600
2025-02-07,87.62999725341797,88.7300033569336,84.94999694824219,85.31999969482422,4741000
2025-02-10,86.44000244140625,86.77999877929688,84.26000213623047,84.8499984741211,3980400
2025-02-11,84.9000015258789,85.3280029296875,82.33999633789062,82.58999633789062,3988800
2025-02-12,81.25,83.05999755859375,81.0999984741211,82.98999786376953,4284300
2025-02-13,83.88999938964844,85.08999633789062,82.44999694824219,84.29000091552734,4552400
2025-02-14,84.18000030517578,84.52999877929688,82.2300033569336,84.0,5658300
2025-02-18,84.55500030517578,85.1500015258789,83.19999694824219,84.18000030517578,6129000
2025-02-19,83.44999694824219,84.5199966430664,82.55000305175781,83.88999938964844,7185300
2025-02-20,84.33999633789062,85.55000305175781,81.69999694824219,83.04000091552734,12435300
2025-02-21,74.97000122070312,76.5,67.43000030517578,68.3499984741211,36825100
2025-02-24,68.01000213623047,68.7300033569336,65.0199966430664,65.91999816894531,17087400
2025-02-25,66.22000122070312,66.4000015258789,62.599998474121094,62.84000015258789,18883300
2025-02-26,63.45000076293945,65.61000061035156,63.25,65.29000091552734,19614300
2025-02-27,65.01000213623047,66.76000213623047,63.90999984741211,64.27999877929688,12273300
2025-02-28,63.869998931884766,65.41000366210938,63.11000061035156,65.30000305175781,7843600
2025-03-03,65.75,66.9000015258789,62.310001373291016,62.790000915527344,10062500
2025-03-04,60.38999938964844,61.13999938964844,57.900001525878906,59.43000030517578,15104800
2025-03-05,59.79999923706055,61.650001525878906,59.43000030517578,61.119998931884766,9759100
2025-03-06,59.04999923706055,60.96500015258789,58.67399978637695,59.79999923706055,10868900
2025-03-07,59.80500030517578,61.02000045776367,57.61000061035156,60.0,10863900
2025-03-10,58.13999938964844,58.41999816894531,53.540000915527344,54.7400016784668,15663200
2025-03-11,54.7599983215332,56.13999938964844,53.95000076293945,55.290000915527344,11440000
2025-03-12,56.380001068115234,56.74599838256836,55.209999084472656,55.900001525878906,9003700
2025-03-13,55.34000015258789,55.709999084472656,53.880001068115234,54.040000915527344,8632500
2025-03-14,55.5,57.520999908447266,55.34700012207031,57.220001220703125,8942300
2025-03-17,56.650001525878906,59.435001373291016,56.650001525878906,58.650001525878906,7701800
2025-03-18,59.900001525878906,60.09000015258789,58.779998779296875,59.650001525878906,8248600
2025-03-19,60.45500183105469,62.43000030517578,59.599998474121094,61.369998931884766,8622500
2025-03-20,60.56999969482422,62.380001068115234,60.439998626708984,61.0,6344100
2025-03-21,60.349998474121094,61.58000183105469,59.599998474121094,61.11000061035156,11395600
2025-03-24,62.380001068115234,63.18000030517578,62.0,62.58000183105469,9048800
2025-03-25,62.76499938964844,63.689998626708984,61.209999084472656,61.33000183105469,7366100
2025-03-26,60.88999938964844,61.36000061035156,58.79999923706055,59.04999923706055,8947800
2025-03-27,58.7599983215332,58.900001525878906,56.880001068115234,56.9900016784668,7927100
2025-03-28,56.540000915527344,57.0,54.689998626708984,55.33000183105469,10692000
2025-03-31,53.88999938964844,54.689998626708984,52.25,54.33000183105469,8163700
2025-04-01,53.88999938964844,55.52000045776367,53.77000045776367,55.40999984741211,7649900
2025-04-02,54.0,58.709999084472656,53.90299987792969,57.86000061035156,9187900
2025-04-03,54.7400016784668,55.441001892089844,52.470001220703125,53.970001220703125,13288100
2025-04-04,50.310001373291016,51.880001068115234,47.689998626708984,50.2599983215332,15195700
2025-04-07,47.04999923706055,53.45000076293945,46.41999816894531,50.470001220703125,13017700
2025-04-08,52.93000030517578,53.3390007019043,48.130001068115234,49.08000183105469,9909700
2025-04-09,49.04999923706055,56.77000045776367,47.95000076293945,55.9900016784668,12475700
2025-04-10,54.34000015258789,54.880001068115234,50.93000030517578,52.90999984741211,9574000
2025-04-11,52.86000061035156,54.150001525878906,51.0,53.939998626708984,8623100
2025-04-14,55.310001373291016,55.70000076293945,53.63999938964844,54.65999984741211,7027200
2025-04-15,54.81999969482422,55.900001525878906,54.58000183105469,55.08000183105469,4012900
2025-04-16,54.20000076293945,55.5,52.77000045776367,53.75,6318000
2025-04-17,53.650001525878906,54.417999267578125,53.029998779296875,53.900001525878906,4510000
2025-04-21,52.91999816894531,53.45000076293945,51.39899826049805,52.38999938964844,5836800
2025-04-22,53.02000045776367,54.83000183105469,52.994998931884766,54.33000183105469,6058800
2025-04-23,56.900001525878906,58.75,55.220001220703125,55.65999984741211,8388800
2025-04-24,55.790000915527344,57.52000045776367,55.18000030517578,57.5,6468800
2025-04-25,57.66999816894531,58.27000045776367,57.220001220703125,58.09000015258789,5625900
2025-04-28,58.54999923706055,59.27000045776367,57.52000045776367,58.31999969482422,4578700
2025-04-29,58.7400016784668,59.81999969482422,58.5,59.560001373291016,4547700
2025-04-30,57.02000045776367,58.70000076293945,56.41400146484375,58.470001220703125,6625500
2025-05-01,59.02000045776367,59.68000030517578,58.209999084472656,58.47999954223633,10667000
2025-05-02,45.32500076293945,47.0,44.27000045776367,46.529998779296875,54280100
2025-05-05,45.91999816894531,46.939998626708984,45.025001525878906,46.63999938964844,18628200
2025-05-06,45.70000076293945,48.02000045776367,45.650001525878906,47.290000915527344,18029100
2025-05-07,47.47999954223633,48.18000030517578,47.11000061035156,47.95000076293945,14809000
2025-05-08,48.125,50.78499984741211,48.125,50.11000061035156,13090500
2025-05-09,50.22999954223633,51.27000045776367,50.09000015258789,50.36000061035156,12274600
2025-05-12,53.185001373291016,55.060001373291016,53.185001373291016,55.02000045776367,13204500
2025-05-13,55.185001373291016,58.685001373291016,54.86000061035156,58.16999816894531,20820300
2025-05-14,59.61000061035156,59.849998474121094,57.709999084472656,58.5,13394000
2025-05-15,57.14500045776367,57.880001068115234,56.459999084472656,57.0099983215332,11546500
2025-05-16,56.4900016784668,58.119998931884766,56.47999954223633,57.65999984741211,7034800
2025-05-19,56.18000030517578,58.4900016784668,56.08000183105469,58.33000183105469,7197400
2025-05-20,58.44499969482422,58.650001525878906,57.029998779296875,57.34000015258789,5689700
2025-05-21,56.54999923706055,57.0099983215332,55.189998626708984,55.439998626708984,10101700
2025-05-22,55.599998474121094,59.08000183105469,55.599998474121094,58.349998474121094,12529800
2025-05-23,56.415000915527344,59.095001220703125,55.880001068115234,58.7400016784668,9695900
2025-05-27,60.04999923706055,62.65999984741211,59.849998474121094,62.150001525878906,12008400
2025-05-28,62.51499938964844,62.51499938964844,61.33000183105469,61.810001373291016,6605900
2025-05-29,62.27000045776367,63.11000061035156,61.67499923706055,62.15999984741211,7504100
2025-05-30,61.720001220703125,62.09000015258789,60.8849983215332,61.75,11486800
2025-06-02,60.36000061035156,61.88800048828125,59.900001525878906,61.7599983215332,6094200
2025-06-03,63.724998474121094,63.79999923706055,62.0099983215332,63.5099983215332,7697600
2025-06-04,63.720001220703125,64.06999969482422,62.54999923706055,63.86000061035156,7559300
2025-06-05,63.619998931884766,64.9000015258789,63.150001525878906,63.599998474121094,8155100
2025-06-06,64.54000091552734,65.22000122070312,63.483001708984375,64.98999786376953,7824500
2025-06-09,65.44999694824219,66.45999908447266,64.7750015258789,65.83999633789062,7128100
2025-06-10,65.4800033569336,65.68499755859375,63.9900016784668,64.4800033569336,9971000
2025-06-11,64.91000366210938,65.44999694824219,63.779998779296875,64.05999755859375,6419800
2025-06-12,63.599998474121094,65.31999969482422,63.310001373291016,63.849998474121094,5193900
2025-06-13,62.209999084472656,62.99100112915039,61.345001220703125,61.56999969482422,7035100
2025-06-16,62.72999954223633,65.18000030517578,62.65999984741211,64.81999969482422,6561700
2025-06-17,64.04499816894531,64.54000091552734,63.060001373291016,63.31999969482422,5408200
2025-06-18,63.060001373291016,63.90999984741211,61.34000015258789,63.09000015258789,8344500
2025-06-20,63.540000915527344,64.30000305175781,63.0,63.59000015258789,6941900
2025-06-23,62.994998931884766,63.9900016784668,61.869998931884766,63.619998931884766,6018700
2025-06-24,64.61000061035156,65.72000122070312,64.30000305175781,65.33999633789062,6303200
2025-06-25,65.76499938964844,65.76499938964844,64.33000183105469,64.80999755859375,5395900
2025-06-26,64.87999725341797,65.20500183105469,63.80099868774414,65.11000061035156,5097200
2025-06-27,65.37999725341797,67.01000213623047,65.08000183105469,66.62999725341797,9854300
2025-06-30,67.13999938964844,68.4000015258789,67.05999755859375,67.93000030517578,5628600
2025-07-01,67.73999786376953,68.93000030517578,66.875,68.2699966430664,7204200
2025-07-02,68.16999816894531,70.08999633789062,68.0,69.22000122070312,7032700
2025-07-03,69.66500091552734,69.69999694824219,68.58000183105469,69.2300033569336,4369300
2025-07-07,68.70999908447266,70.2699966430664,67.7300033569336,69.41000366210938,7545000
2025-07-08,70.21499633789062,70.9800033569336,67.70099639892578,67.83999633789062,6872900
2025-07-09,68.31999969482422,69.04000091552734,67.44999694824219,69.01000213623047,5340800
2025-07-10,68.94999694824219,69.2300033569336,67.80000305175781,68.76000213623047,4163500
2025-07-11,67.80000305175781,68.55999755859375,64.8499984741211,65.13999938964844,12851600
2025-07-14,66.7300033569336,69.83999633789062,66.4000015258789,68.68000030517578,11130900
2025-07-15,67.9800033569336,68.22000122070312,65.95999908447266,66.01000213623047,6706100
2025-07-16,66.52999877929688,69.0999984741211,66.26200103759766,69.02999877929688,8209900
2025-07-17,69.81999969482422,71.5199966430664,69.61499786376953,70.7300033569336,7795300
2025-07-18,72.01000213623047,73.25,71.16999816894531,72.81999969482422,10786400
2025-07-21,78.61000061035156,79.44000244140625,76.80000305175781,78.08000183105469,49143500
2025-07-22,78.45999908447266,79.58499908447266,78.26000213623047,79.2699966430664,139479500
2025-07-23,79.80999755859375,80.36000061035156,78.44999694824219,79.69999694824219,13249800
2025-07-24,79.44499969482422,81.12999725341797,79.30999755859375,79.7699966430664,9377500
2025-07-25,79.75499725341797,81.08000183105469,78.93000030517578,80.73999786376953,6348700
2025-07-28,81.19999694824219,82.18000030517578,80.36499786376953,80.56999969482422,9578700
2025-07-29,79.69999694824219,81.05999755859375,77.63999938964844,78.18000030517578,10632000
2025-07-30,77.70500183105469,78.75,77.04900360107422,77.58999633789062,7352200
2025-07-31,76.77999877929688,78.08000183105469,76.0,77.26000213623047,6769800
2025-08-01,75.0,75.22000122070312,72.98500061035156,74.02999877929688,8235300
2025-08-04,75.0199966430664,76.62999725341797,74.41999816894531,76.12000274658203,6082200
2025-08-05,75.9800033569336,76.0999984741211,74.01000213623047,75.29000091552734,7207400
2025-08-06,75.33000183105469,76.87999725341797,75.33000183105469,76.12999725341797,6488700
2025-08-07,76.125,77.37000274658203,76.0,76.8499984741211,14968800
2025-08-08,82.125,82.5,73.19999694824219,73.38999938964844,22800800
2025-08-11,74.08000183105469,74.75800323486328,72.38999938964844,73.02999877929688,10172000
2025-08-12,73.58000183105469,75.5,73.58000183105469,74.54000091552734,7048000
2025-08-13,74.76499938964844,77.06300354003906,74.75800323486328,76.94999694824219,8084300
2025-08-14,76.16999816894531,76.54000091552734,74.47000122070312,76.04000091552734,6560300
2025-08-15,76.19000244140625,76.87999725341797,75.2300033569336,75.80000305175781,6691800
2025-08-18,76.0,77.45999908447266,75.76000213623047,76.7300033569336,6781400
2025-08-19,76.8499984741211,77.25,74.04000091552734,74.30000305175781,5387000
2025-08-20,73.58000183105469,74.27999877929688,71.44999694824219,74.18000030517578,7093100
2025-08-21,73.72000122070312,74.1500015258789,72.51000213623047,74.08999633789062,6961900
2025-08-22,73.55000305175781,79.38500213623047,73.47000122070312,79.12000274658203,12035300
2025-08-25,78.38999938964844,80.31999969482422,78.38999938964844,79.08000183105469,6549300
2025-08-26,78.45999908447266,79.01000213623047,77.7300033569336,78.77999877929688,5128300
2025-08-27,78.58000183105469,79.68499755859375,78.44000244140625,79.38999938964844,4027600
2025-08-28,79.9800033569336,81.38999938964844,79.75599670410156,80.77999877929688,5019600
2025-08-29,80.80000305175781,82.25,79.13999938964844,79.63999938964844,6205700
2025-09-02,76.80999755859375,77.0999984741211,75.18499755859375,76.2300033569336,6813700
2025-09-03,76.30000305175781,76.375,75.33999633789062,75.79000091552734,4975000
2025-09-04,75.7300033569336,75.95999908447266,73.72000122070312,75.75,4804900
2025-09-05,76.30000305175781,77.07499694824219,73.69000244140625,74.94000244140625,4785800
2025-09-08,75.05000305175781,75.9800033569336,74.88500213623047,75.81999969482422,5191500
2025-09-09,75.62999725341797,76.66999816894531,75.0,75.51000213623047,4162300
2025-09-10,75.79499816894531,76.79000091552734,73.05000305175781,73.75,5756300
2025-09-11,73.94000244140625,74.7699966430664,73.44599914550781,74.2300033569336,4196700
2025-09-12,73.5999984741211,74.21499633789062,72.84500122070312,72.87000274658203,4621300
2025-09-15,73.33000183105469,75.19999694824219,73.0999984741211,74.62999725341797,6474800
2025-09-16,74.55999755859375,75.95999908447266,73.8010025024414,75.77999877929688,5512200
2025-09-17,75.87999725341797,77.25,74.52999877929688,75.70999908447266,5296900
2025-09-18,76.19999694824219,78.30000305175781,75.76000213623047,77.37000274658203,5443800
2025-09-19,77.69999694824219,77.70999908447266,76.16999816894531,77.02999877929688,7600300
2025-09-22,76.5,77.69000244140625,74.72000122070312,77.41000366210938,9005300
2025-09-23,77.69000244140625,79.0,75.4800033569336,76.54000091552734,7218100
2025-09-24,76.2300033569336,78.41000366210938,75.98999786376953,76.48999786376953,5065800
2025-09-25,75.04000091552734,75.79000091552734,72.83999633789062,73.68000030517578,7448000
2025-09-26,73.38500213623047,73.83000183105469,71.44000244140625,73.66999816894531,6578200
2025-09-29,74.44999694824219,76.15499877929688,74.33499908447266,75.38999938964844,7237200
2025-09-30,75.31999969482422,75.66500091552734,71.61000061035156,72.2699966430664,7838100
2025-10-01,72.56999969482422,73.62000274658203,71.83499908447266,73.4000015258789,6640700
2025-10-02,73.80000305175781,77.23999786376953,73.69999694824219,76.80999755859375,7856000
2025-10-03,76.69000244140625,78.24500274658203,76.0999984741211,76.94999694824219,5761700
2025-10-06,77.55000305175781,78.80000305175781,76.69000244140625,77.77999877929688,5324100
2025-10-07,78.4000015258789,79.97000122070312,77.73999786376953,79.0199966430664,5428000
2025-10-08,79.86000061035156,81.68499755859375,79.05000305175781,81.11000061035156,6024900
2025-10-09,81.08999633789062,81.5,80.01000213623047,80.8499984741211,4193600
2025-10-10,80.66000366210938,80.97000122070312,74.29000091552734,74.66999816894531,8802300
2025-10-13,75.97000122070312,76.05000305175781,74.43000030517578,75.0199966430664,5383800
2025-10-14,73.22000122070312,77.44000244140625,71.91999816894531,76.18000030517578,5239300
2025-10-15,76.88999938964844,77.80000305175781,75.33000183105469,76.12999725341797,3672500
2025-10-16,76.3499984741211,77.69000244140625,74.4000015258789,74.54000091552734,5590300
2025-10-17,73.77999877929688,75.70999908447266,73.37999725341797,75.19999694824219,4416700
2025-10-20,75.94000244140625,76.87000274658203,74.83999633789062,76.5,4538200
2025-10-21,76.23999786376953,78.87000274658203,76.05000305175781,77.7300033569336,4362400
2025-10-22,77.33999633789062,77.33999633789062,75.2300033569336,75.91999816894531,4609900
2025-10-23,76.12999725341797,79.29000091552734,75.76000213623047,78.55999755859375,4695900
2025-10-24,79.80000305175781,80.37999725341797,79.20099639892578,79.54000091552734,3866900
2025-10-27,80.58000183105469,81.48999786376953,79.9000015258789,80.1500015258789,5158500
2025-10-28,80.16000366210938,81.69999694824219,79.7699966430664,80.18000030517578,3954600
2025-10-29,77.80500030517578,78.1500015258789,75.06999969482422,76.51000213623047,8029400
2025-10-30,76.47000122070312,76.47000122070312,73.71499633789062,73.91999816894531,6301800
2025-10-31,74.61000061035156,76.43800354003906,74.44000244140625,75.94000244140625,7364700
2025-11-03,76.1500015258789,76.6500015258789,73.63800048828125,74.30000305175781,5317800
2025-11-04,73.11000061035156,73.625,71.26000213623047,72.58000183105469,4983600
2025-11-05,72.87999725341797,74.64900207519531,72.3499984741211,73.6500015258789,5310800
2025-11-06,74.33999633789062,75.0999984741211,70.86000061035156,70.93000030517578,11236400
2025-11-07,61.36000061035156,66.73999786376953,61.36000061035156,65.44999694824219,21402400
2025-11-10,66.63999938964844,68.05000305175781,64.97000122070312,66.80000305175781,8017400
2025-11-11,66.28500366210938,66.69999694824219,65.38999938964844,65.91000366210938,5397400
2025-11-12,65.8499984741211,66.44999694824219,64.98500061035156,65.7699966430664,5145900
2025-11-13,65.37000274658203,65.66999816894531,61.630001068115234,62.29999923706055,8568900
2025-11-14,61.029998779296875,62.189998626708984,60.16999816894531,60.47999954223633,9189400
2025-11-17,61.310001373291016,61.41400146484375,58.150001525878906,58.88999938964844,7088400
2025-11-18,58.380001068115234,59.540000915527344,57.290000915527344,57.63999938964844,7519700
2025-11-19,58.540000915527344,62.75,56.959999084472656,62.0,19763000
2025-11-20,64.30999755859375,65.62000274658203,61.83000183105469,61.95000076293945,17531000
2025-11-21,62.59000015258789,62.95000076293945,59.56999969482422,61.95000076293945,13057400
2025-11-24,62.01499938964844,62.720001220703125,61.18000030517578,61.86000061035156,7393600
2025-11-25,62.040000915527344,63.775001525878906,61.810001373291016,63.689998626708984,7223800
2025-11-26,63.86000061035156,66.12999725341797,63.54999923706055,65.02999877929688,6770500
2025-11-28,65.7300033569336,67.4800033569336,65.5,66.80000305175781,3459900
2025-12-01,65.66000366210938,66.55999755859375,64.31999969482422,64.3499984741211,8119900
2025-12-02,64.7300033569336,65.2750015258789,59.970001220703125,60.11000061035156,20737700
2025-12-03,61.040000915527344,62.900001525878906,60.290000915527344,61.11000061035156,13314700
2025-12-04,61.290000915527344,62.220001220703125,60.70000076293945,62.189998626708984,6966800
2025-12-05,61.2599983215332,62.369998931884766,60.72999954223633,61.11000061035156,6670900
2025-12-08,61.349998474121094,61.709999084472656,60.41999816894531,61.040000915527344,6154300
2025-12-09,60.58000183105469,62.08000183105469,60.222999572753906,61.56999969482422,5118000
2025-12-10,61.45000076293945,63.349998474121094,60.981998443603516,63.290000915527344,5491000
2025-12-11,63.119998931884766,64.11000061035156,62.66999816894531,63.61000061035156,5945400
2025-12-12,63.61000061035156,65.12000274658203,62.79999923706055,64.75,6642300
2025-12-15,65.62999725341797,66.4000015258789,63.95000076293945,64.0199966430664,6711900
2025-12-16,64.30000305175781,65.5,63.875,64.55000305175781,6213200
2025-12-17,64.68000030517578,65.73999786376953,63.63999938964844,63.77000045776367,4947500
2025-12-18,64.6500015258789,65.9000015258789,64.16000366210938,64.38999938964844,4593700
2025-12-19,64.58999633789062,65.7699966430664,64.55999755859375,65.33000183105469,10063100
2025-12-22,65.58000183105469,66.41000366210938,64.83999633789062,65.1500015258789,6322000
2025-12-23,64.38999938964844,65.18000030517578,63.91999816894531,64.94000244140625,5068200
2025-12-24,64.75,66.73999786376953,64.61000061035156,66.05000305175781,3017700
2025-12-26,65.875,66.47000122070312,65.33999633789062,66.2699966430664,3118400
2025-12-29,65.98999786376953,66.4000015258789,65.4749984741211,65.91999816894531,4216700
2025-12-30,65.83000183105469,65.98999786376953,65.44999694824219,65.54000091552734,2958800
2025-12-31,65.5,65.9000015258789,65.03500366210938,65.08999633789062,3487500
2026-01-02,65.72000122070312,65.72000122070312,62.52000045776367,65.1500015258789,6830100
2026-01-05,65.09500122070312,69.30000305175781,64.9000015258789,68.44999694824219,8109900
2026-01-06,68.56999969482422,70.01000213623047,68.38999938964844,70.0,5470900
2026-01-07,71.19400024414062,72.22000122070312,70.04499816894531,71.47000122070312,6117300
2026-01-08,71.05000305175781,71.55999755859375,69.5719985961914,70.16000366210938,5711900
2026-01-09,70.58999633789062,70.87999725341797,68.37999725341797,69.55000305175781,3996500
2026-01-12,70.01000213623047,71.22000122070312,68.93000030517578,70.26000213623047,5100100
2026-01-13,70.17500305175781,70.17500305175781,66.6449966430664,67.26000213623047,7599700
2026-01-14,66.71499633789062,66.79000091552734,64.44000244140625,65.61000061035156,7194800
2026-01-15,65.53500366210938,65.58100128173828,64.4000015258789,64.91999816894531,7183200
2026-01-16,65.18000030517578,66.05000305175781,64.4000015258789,65.94999694824219,5539300
2026-01-20,63.68000030517578,64.56999969482422,62.47999954223633,62.630001068115234,7509300
2026-01-21,62.89500045776367,65.4000015258789,62.849998474121094,64.0,8105400
2026-01-22,63.97999954223633,65.677001953125,63.97999954223633,65.05000305175781,6016400
2026-01-23,65.02999877929688,67.79000091552734,65.0,66.83000183105469,6443900
2026-01-26,66.8499984741211,67.33000183105469,65.76000213623047,65.9000015258789,5137000
2026-01-27,66.37000274658203,66.5,63.86000061035156,64.58999633789062,4546800
2026-01-28,65.0,65.91999816894531,64.0199966430664,64.22000122070312,4927500
2026-01-29,64.3499984741211,64.7300033569336,61.619998931884766,62.209999084472656,6381100
2026-01-30,61.529998779296875,61.79100036621094,60.0099983215332,60.43000030517578,7234200
2026-02-02,59.400001525878906,60.78499984741211,59.08000183105469,60.400001525878906,8220800
2026-02-03,58.31999969482422,58.43000030517578,55.849998474121094,56.790000915527344,10360100
2026-02-04,56.380001068115234,57.869998931884766,55.07099914550781,57.43000030517578,8467000
2026-02-05,56.27000045776367,57.31999969482422,53.349998474121094,53.380001068115234,10267300
2026-02-06,55.04999923706055,56.41999816894531,54.810001373291016,55.970001220703125,8982900
2026-02-09,56.04999923706055,57.5099983215332,55.540000915527344,56.779998779296875,7350200
2026-02-10,57.15999984741211,58.529998779296875,56.97999954223633,57.29999923706055,6007200
2026-02-11,57.459999084472656,57.459999084472656,53.369998931884766,53.810001373291016,9787300
2026-02-12,53.060001373291016,53.400001525878906,48.209999084472656,49.09000015258789,17158100
2026-02-13,49.685001373291016,50.40999984741211,48.88999938964844,49.79999923706055,10012000
2026-02-17,50.215999603271484,51.34000015258789,49.58000183105469,50.810001373291016,9297000
2026-02-18,52.0099983215332,54.22999954223633,51.619998931884766,53.599998474121094,8434300
2026-02-19,53.029998779296875,53.41999816894531,52.20000076293945,52.88999938964844,7740900
2026-02-20,52.56999969482422,54.6349983215332,52.130001068115234,53.220001220703125,7318300
2026-02-23,52.04999923706055,52.52000045776367,50.0099983215332,50.75,13712900
2026-02-24,50.400001525878906,51.77000045776367,49.33000183105469,51.0,9921200
2026-02-25,51.654998779296875,52.060001373291016,50.599998474121094,51.939998626708984,7971000
2026-02-26,51.84000015258789,54.80500030517578,51.79899978637695,54.529998779296875,18400400
2026-02-27,63.09000015258789,66.12000274658203,61.20000076293945,63.70000076293945,40643900
